precision,recall,f1-score,support,class_index,symbol_id,latex,model
0.7368421052631579,0.875,0.8,16.0,0,31,A,Custom CNN
0.75,0.42857142857142855,0.5454545454545454,7.0,1,32,B,Custom CNN
0.39285714285714285,0.7857142857142857,0.5238095238095238,14.0,2,33,C,Custom CNN
0.3333333333333333,0.5,0.4,6.0,3,34,D,Custom CNN
0.625,0.8333333333333334,0.7142857142857143,6.0,4,35,E,Custom CNN
0.75,1.0,0.8571428571428571,6.0,5,36,F,Custom CNN
0.6875,0.9166666666666666,0.7857142857142857,12.0,6,37,G,Custom CNN
1.0,0.5714285714285714,0.7272727272727273,7.0,7,38,H,Custom CNN
0.5,0.7,0.5833333333333334,10.0,8,39,I,Custom CNN
0.6428571428571429,0.8181818181818182,0.72,11.0,9,40,J,Custom CNN
0.6428571428571429,0.9,0.75,10.0,10,41,K,Custom CNN
0.5789473684210527,0.9166666666666666,0.7096774193548387,12.0,11,42,L,Custom CNN
0.8333333333333334,0.8333333333333334,0.8333333333333334,12.0,12,43,M,Custom CNN
0.875,0.6363636363636364,0.7368421052631579,11.0,13,44,N,Custom CNN
0.0,0.0,0.0,9.0,14,45,O,Custom CNN
0.0,0.0,0.0,8.0,15,46,P,Custom CNN
0.8333333333333334,0.7142857142857143,0.7692307692307693,7.0,16,47,Q,Custom CNN
0.7777777777777778,0.7777777777777778,0.7777777777777778,9.0,17,48,R,Custom CNN
0.0,0.0,0.0,7.0,18,49,S,Custom CNN
0.0,0.0,0.0,6.0,19,50,T,Custom CNN
0.0,0.0,0.0,6.0,20,51,U,Custom CNN
1.0,0.16666666666666666,0.2857142857142857,6.0,21,52,V,Custom CNN
1.0,0.42857142857142855,0.6,7.0,22,53,W,Custom CNN
0.2,0.16666666666666666,0.18181818181818182,6.0,23,54,X,Custom CNN
0.8,0.6666666666666666,0.7272727272727273,6.0,24,55,Y,Custom CNN
0.3,0.42857142857142855,0.35294117647058826,7.0,25,56,Z,Custom CNN
0.6808510638297872,0.897196261682243,0.7741935483870968,107.0,26,59,\rightarrow,Custom CNN
0.25,0.14285714285714285,0.18181818181818182,14.0,27,70,0,Custom CNN
0.5714285714285714,0.6666666666666666,0.6153846153846154,12.0,28,71,1,Custom CNN
0.8333333333333334,0.7692307692307693,0.8,13.0,29,72,2,Custom CNN
0.6470588235294118,0.9166666666666666,0.7586206896551724,12.0,30,73,3,Custom CNN
1.0,1.0,1.0,7.0,31,74,4,Custom CNN
1.0,0.875,0.9333333333333333,8.0,32,75,5,Custom CNN
0.6428571428571429,0.9,0.75,10.0,33,76,6,Custom CNN
0.7777777777777778,0.875,0.8235294117647058,8.0,34,77,7,Custom CNN
1.0,0.6153846153846154,0.7619047619047619,13.0,35,78,8,Custom CNN
0.0,0.0,0.0,9.0,36,79,9,Custom CNN
0.8878504672897196,0.6168831168831169,0.7279693486590039,154.0,37,81,\pi,Custom CNN
0.8083623693379791,0.8888888888888888,0.8467153284671532,261.0,38,82,\alpha,Custom CNN
0.8623853211009175,0.8245614035087719,0.8430493273542601,114.0,39,87,\beta,Custom CNN
0.6615720524017468,0.8911764705882353,0.7593984962406015,340.0,40,88,\sum,Custom CNN
0.9532710280373832,0.9026548672566371,0.9272727272727272,113.0,41,89,\sigma,Custom CNN
1.0,0.7777777777777778,0.875,9.0,42,90,a,Custom CNN
0.4,0.6666666666666666,0.5,6.0,43,91,b,Custom CNN
0.0,0.0,0.0,7.0,44,92,c,Custom CNN
0.7142857142857143,0.8333333333333334,0.7692307692307693,6.0,45,93,d,Custom CNN
0.4166666666666667,0.7142857142857143,0.5263157894736842,7.0,46,94,e,Custom CNN
0.75,0.42857142857142855,0.5454545454545454,7.0,47,95,f,Custom CNN
0.25,0.6666666666666666,0.36363636363636365,6.0,48,96,g,Custom CNN
1.0,0.8333333333333334,0.9090909090909091,6.0,49,97,h,Custom CNN
0.8571428571428571,1.0,0.9230769230769231,6.0,50,98,i,Custom CNN
1.0,0.8333333333333334,0.9090909090909091,6.0,51,99,j,Custom CNN
0.75,0.5,0.6,6.0,52,100,k,Custom CNN
0.0,0.0,0.0,6.0,53,101,l,Custom CNN
1.0,0.3333333333333333,0.5,6.0,54,102,m,Custom CNN
0.625,0.7142857142857143,0.6666666666666666,7.0,55,103,n,Custom CNN
0.0,0.0,0.0,7.0,56,104,o,Custom CNN
1.0,0.16666666666666666,0.2857142857142857,6.0,57,105,p,Custom CNN
0.625,0.7142857142857143,0.6666666666666666,7.0,58,106,q,Custom CNN
0.7142857142857143,0.7142857142857143,0.7142857142857143,7.0,59,107,r,Custom CNN
0.0,0.0,0.0,6.0,60,108,s,Custom CNN
0.75,0.5,0.6,6.0,61,110,u,Custom CNN
0.0,0.0,0.0,7.0,62,111,v,Custom CNN
0.5,0.6666666666666666,0.5714285714285714,6.0,63,112,w,Custom CNN
0.0,0.0,0.0,7.0,64,113,x,Custom CNN
0.8,0.6666666666666666,0.7272727272727273,6.0,65,114,y,Custom CNN
0.0,0.0,0.0,6.0,66,115,z,Custom CNN
0.5846153846153846,0.19895287958115182,0.296875,191.0,67,116,\Sigma,Custom CNN
0.97,0.8508771929824561,0.9065420560747663,114.0,68,117,\gamma,Custom CNN
0.8448275862068966,0.7777777777777778,0.8099173553719008,63.0,69,150,\Gamma,Custom CNN
0.9658119658119658,0.904,0.9338842975206612,125.0,70,151,\delta,Custom CNN
0.6940298507462687,0.93,0.7948717948717948,100.0,71,152,\Delta,Custom CNN
0.8414634146341463,0.7840909090909091,0.8117647058823529,88.0,72,153,\zeta,Custom CNN
0.9705882352941176,0.9565217391304348,0.9635036496350365,69.0,73,154,\eta,Custom CNN
0.6956521739130435,0.7272727272727273,0.7111111111111111,66.0,74,155,\theta,Custom CNN
0.6428571428571429,0.3829787234042553,0.48,47.0,75,156,\Theta,Custom CNN
0.0,0.0,0.0,55.0,76,157,\epsilon,Custom CNN
0.5670103092783505,0.7333333333333333,0.6395348837209303,75.0,77,158,\varepsilon,Custom CNN
0.9333333333333333,0.875,0.9032258064516129,16.0,78,159,\iota,Custom CNN
0.7407407407407407,0.7692307692307693,0.7547169811320755,26.0,79,160,\kappa,Custom CNN
0.4375,0.4666666666666667,0.45161290322580644,15.0,80,161,\varkappa,Custom CNN
0.9891304347826086,0.91,0.9479166666666666,100.0,81,162,\lambda,Custom CNN
0.4268292682926829,0.7777777777777778,0.5511811023622047,45.0,82,163,\Lambda,Custom CNN
0.907563025210084,0.9391304347826087,0.9230769230769231,115.0,83,164,\mu,Custom CNN
0.9411764705882353,0.8,0.8648648648648649,40.0,84,165,\nu,Custom CNN
0.9108527131782945,0.914396887159533,0.912621359223301,257.0,85,166,\xi,Custom CNN
0.975,0.975,0.975,40.0,86,167,\Xi,Custom CNN
0.47619047619047616,0.25,0.32786885245901637,80.0,87,168,\Pi,Custom CNN
0.9206349206349206,0.8285714285714286,0.8721804511278195,70.0,88,169,\rho,Custom CNN
1.0,0.34782608695652173,0.5161290322580645,23.0,89,170,\varrho,Custom CNN
1.0,0.4186046511627907,0.5901639344262295,43.0,90,171,\tau,Custom CNN
0.6136363636363636,0.782608695652174,0.6878980891719745,69.0,91,174,\phi,Custom CNN
0.9534883720930233,0.6721311475409836,0.7884615384615384,61.0,92,175,\Phi,Custom CNN
0.9539473684210527,0.9477124183006536,0.9508196721311475,153.0,93,176,\varphi,Custom CNN
0.8064516129032258,0.8064516129032258,0.8064516129032258,93.0,94,177,\chi,Custom CNN
0.5729166666666666,0.9649122807017544,0.7189542483660131,57.0,95,178,\psi,Custom CNN
1.0,0.15555555555555556,0.2692307692307692,45.0,96,179,\Psi,Custom CNN
0.953125,0.953125,0.953125,64.0,97,180,\omega,Custom CNN
0.7340425531914894,0.8313253012048193,0.7796610169491526,83.0,98,181,\Omega,Custom CNN
0.9741379310344828,0.9338842975206612,0.9535864978902954,242.0,99,182,\partial,Custom CNN
0.9941002949852508,0.9573863636363636,0.975397973950796,352.0,100,183,\int,Custom CNN
0.8333333333333334,0.9210526315789473,0.875,76.0,101,184,\cdot,Custom CNN
0.8415841584158416,0.8018867924528302,0.821256038647343,106.0,102,185,\leq,Custom CNN
0.8888888888888888,0.8275862068965517,0.8571428571428571,87.0,103,186,\geq,Custom CNN
1.0,0.25,0.4,12.0,104,187,<,Custom CNN
0.6,0.8181818181818182,0.6923076923076923,11.0,105,188,>,Custom CNN
0.8552631578947368,0.8333333333333334,0.8441558441558441,78.0,106,189,\subset,Custom CNN
0.9130434782608695,1.0,0.9545454545454546,42.0,107,190,\supset,Custom CNN
0.9869281045751634,0.9556962025316456,0.9710610932475884,158.0,108,191,\subseteq,Custom CNN
0.9743589743589743,0.926829268292683,0.95,41.0,109,192,\supseteq,Custom CNN
0.9784172661870504,0.9714285714285714,0.974910394265233,140.0,110,193,\cong,Custom CNN
0.7232142857142857,0.5827338129496403,0.6454183266932271,139.0,111,194,\propto,Custom CNN
0.8,1.0,0.8888888888888888,12.0,112,195,-,Custom CNN
0.875,0.7777777777777778,0.8235294117647058,9.0,113,196,+,Custom CNN
0.012987012987012988,0.16666666666666666,0.024096385542168676,6.0,114,197,\mathbb{R},Custom CNN
0.9459459459459459,0.8974358974358975,0.9210526315789473,39.0,115,254,\$,Custom CNN
0.9727272727272728,0.9385964912280702,0.9553571428571429,114.0,116,257,\{,Custom CNN
0.7931034482758621,0.92,0.8518518518518519,25.0,117,259,\copyright,Custom CNN
0.56,1.0,0.717948717948718,14.0,118,260,\dots,Custom CNN
0.9655172413793104,0.8484848484848485,0.9032258064516129,33.0,119,261,\},Custom CNN
0.6842105263157895,0.7428571428571429,0.7123287671232876,35.0,120,262,\S,Custom CNN
0.8,0.9230769230769231,0.8571428571428571,26.0,121,263,\dag,Custom CNN
0.8,0.8,0.8,15.0,122,264,\pounds,Custom CNN
0.802547770700637,0.9767441860465116,0.8811188811188811,129.0,123,265,\&,Custom CNN
0.9238095238095239,0.9065420560747663,0.9150943396226415,107.0,124,266,\#,Custom CNN
0.9347826086956522,0.9662921348314607,0.9502762430939227,89.0,125,267,\%,Custom CNN
0.7241379310344828,0.9545454545454546,0.8235294117647058,88.0,126,268,\checkmark,Custom CNN
0.5,0.9166666666666666,0.6470588235294118,12.0,127,269,\circledR,Custom CNN
0.0,0.0,0.0,13.0,128,508,\mathsection,Custom CNN
0.3111111111111111,0.7368421052631579,0.4375,19.0,129,510,\amalg,Custom CNN
0.9108910891089109,0.989247311827957,0.9484536082474226,93.0,130,511,\cup,Custom CNN
0.9618320610687023,0.9402985074626866,0.9509433962264151,134.0,131,512,\oplus,Custom CNN
0.8571428571428571,0.9536423841059603,0.9028213166144201,151.0,132,513,\times,Custom CNN
0.875,1.0,0.9333333333333333,56.0,133,514,\ast,Custom CNN
0.5,0.9285714285714286,0.65,14.0,134,517,\triangleleft,Custom CNN
0.9619047619047619,0.9351851851851852,0.9483568075117371,108.0,135,520,\otimes,Custom CNN
0.8235294117647058,0.875,0.8484848484848485,16.0,136,521,\triangleright,Custom CNN
0.72,0.72,0.72,25.0,137,523,\diamond,Custom CNN
0.9554140127388535,0.9803921568627451,0.967741935483871,153.0,138,524,\pm,Custom CNN
0.8947368421052632,1.0,0.9444444444444444,34.0,139,526,\div,Custom CNN
0.7,0.6,0.6461538461538462,35.0,140,527,\bullet,Custom CNN
0.6710526315789473,0.9807692307692307,0.796875,52.0,141,528,\setminus,Custom CNN
0.95,1.0,0.9743589743589743,19.0,142,529,\uplus,Custom CNN
0.981651376146789,0.9727272727272728,0.9771689497716894,110.0,143,530,\cap,Custom CNN
0.9166666666666666,0.9166666666666666,0.9166666666666666,12.0,144,531,\mp,Custom CNN
0.3333333333333333,0.2,0.25,15.0,145,532,\sqcap,Custom CNN
0.8076923076923077,0.9655172413793104,0.8795811518324608,87.0,146,533,\vee,Custom CNN
0.6538461538461539,0.3469387755102041,0.4533333333333333,49.0,147,534,\odot,Custom CNN
1.0,0.18518518518518517,0.3125,27.0,148,535,\sqcup,Custom CNN
0.8938053097345132,0.6917808219178082,0.7799227799227799,146.0,149,536,\wedge,Custom CNN
0.6410256410256411,0.25510204081632654,0.36496350364963503,98.0,150,537,\circ,Custom CNN
0.42857142857142855,0.5454545454545454,0.48,11.0,151,538,\ominus,Custom CNN
0.6578947368421053,0.9259259259259259,0.7692307692307693,27.0,152,539,\star,Custom CNN
1.0,1.0,1.0,6.0,153,540,\wr,Custom CNN
0.7333333333333333,1.0,0.8461538461538461,11.0,154,541,\barwedge,Custom CNN
0.7857142857142857,0.9166666666666666,0.8461538461538461,12.0,155,542,\circledcirc,Custom CNN
1.0,1.0,1.0,13.0,156,544,\boxdot,Custom CNN
0.8214285714285714,1.0,0.9019607843137255,23.0,157,549,\ltimes,Custom CNN
0.9166666666666666,1.0,0.9565217391304348,11.0,158,550,\boxplus,Custom CNN
0.9166666666666666,1.0,0.9565217391304348,22.0,159,553,\boxtimes,Custom CNN
0.9583333333333334,0.8518518518518519,0.9019607843137255,27.0,160,555,\rtimes,Custom CNN
0.9090909090909091,0.8333333333333334,0.8695652173913043,12.0,161,562,\circledast,Custom CNN
1.0,0.09090909090909091,0.16666666666666666,11.0,162,564,\lhd,Custom CNN
0.507177033492823,0.9464285714285714,0.660436137071651,112.0,163,574,\prod,Custom CNN
0.7,0.4117647058823529,0.5185185185185185,17.0,164,577,\coprod,Custom CNN
0.92,0.9663865546218487,0.9426229508196722,119.0,165,582,\oint,Custom CNN
0.5833333333333334,0.7,0.6363636363636364,10.0,166,583,\parr,Custom CNN
0.0,0.0,0.0,21.0,167,584,\with,Custom CNN
0.8181818181818182,0.9,0.8571428571428571,30.0,168,591,\fint,Custom CNN
0.5555555555555556,0.3333333333333333,0.4166666666666667,15.0,169,595,\varoiint,Custom CNN
0.6363636363636364,0.875,0.7368421052631579,32.0,170,600,\oiint,Custom CNN
0.9806763285024155,0.9902439024390244,0.9854368932038835,205.0,171,601,\approx,Custom CNN
0.9841897233201581,0.9880952380952381,0.9861386138613861,252.0,172,603,\equiv,Custom CNN
0.9736842105263158,0.9487179487179487,0.961038961038961,39.0,173,604,\not\equiv,Custom CNN
0.6035502958579881,0.918918918918919,0.7285714285714285,111.0,174,605,\perp,Custom CNN
1.0,0.6666666666666666,0.8,15.0,175,607,\asymp,Custom CNN
1.0,0.7777777777777778,0.875,9.0,176,608,\frown,Custom CNN
0.9285714285714286,0.9811320754716981,0.9541284403669725,53.0,177,609,\prec,Custom CNN
0.9459459459459459,0.9459459459459459,0.9459459459459459,37.0,178,610,\succ,Custom CNN
0.47058823529411764,0.3333333333333333,0.3902439024390244,24.0,179,611,\bowtie,Custom CNN
0.9565217391304348,0.7857142857142857,0.8627450980392157,28.0,180,612,\preceq,Custom CNN
0.9444444444444444,0.8095238095238095,0.8717948717948718,21.0,181,613,\succeq,Custom CNN
0.3333333333333333,0.9705882352941176,0.49624060150375937,34.0,182,614,\mid,Custom CNN
0.99,0.9252336448598131,0.9565217391304348,107.0,183,615,\vdash,Custom CNN
1.0,0.9090909090909091,0.9523809523809523,22.0,184,616,\dashv,Custom CNN
0.5,0.4583333333333333,0.4782608695652174,48.0,185,617,\models,Custom CNN
0.9900990099009901,0.9950248756218906,0.9925558312655087,201.0,186,618,\sim,Custom CNN
0.9,1.0,0.9473684210526315,18.0,187,620,\doteq,Custom CNN
0.48214285714285715,0.75,0.5869565217391305,36.0,188,621,\parallel,Custom CNN
0.9666666666666667,0.9886363636363636,0.9775280898876404,88.0,189,622,\simeq,Custom CNN
1.0,0.8,0.8888888888888888,15.0,190,630,\backsim,Custom CNN
1.0,0.8,0.8888888888888888,10.0,191,631,\multimap,Custom CNN
0.8461538461538461,0.9166666666666666,0.88,12.0,192,634,\pitchfork,Custom CNN
0.925,0.961038961038961,0.9426751592356688,77.0,193,635,\therefore,Custom CNN
0.88,1.0,0.9361702127659575,22.0,194,636,\because,Custom CNN
0.9,0.9,0.9,10.0,195,639,\between,Custom CNN
0.75,0.7894736842105263,0.7692307692307693,19.0,196,640,\preccurlyeq,Custom CNN
0.16666666666666666,0.07142857142857142,0.1,14.0,197,644,\varpropto,Custom CNN
0.7,1.0,0.8235294117647058,14.0,198,647,\Vdash,Custom CNN
0.5094339622641509,0.5869565217391305,0.5454545454545454,46.0,199,650,\vDash,Custom CNN
0.8048780487804879,0.9428571428571428,0.868421052631579,35.0,200,661,\nmid,Custom CNN
0.9375,1.0,0.967741935483871,15.0,201,671,\nvDash,Custom CNN
0.90625,1.0,0.9508196721311475,29.0,202,678,\sqsubseteq,Custom CNN
1.0,0.95,0.9743589743589743,20.0,203,679,\nsubseteq,Custom CNN
1.0,0.5833333333333334,0.7368421052631579,24.0,204,683,\subsetneq,Custom CNN
0.42857142857142855,0.9,0.5806451612903226,10.0,205,684,\varsubsetneq,Custom CNN
0.9867549668874173,0.9738562091503268,0.9802631578947368,153.0,206,698,\neq,Custom CNN
0.7105263157894737,0.8709677419354839,0.782608695652174,31.0,207,711,\geqslant,Custom CNN
0.8181818181818182,0.9,0.8571428571428571,10.0,208,712,\gtrless,Custom CNN
0.9125,0.9358974358974359,0.9240506329113924,78.0,209,713,\lesssim,Custom CNN
0.9841269841269841,0.9538461538461539,0.96875,65.0,210,716,\gtrsim,Custom CNN
0.5918367346938775,0.725,0.651685393258427,40.0,211,728,\leqslant,Custom CNN
1.0,0.8823529411764706,0.9375,17.0,212,739,\trianglelefteq,Custom CNN
1.0,1.0,1.0,6.0,213,741,\blacktriangleright,Custom CNN
0.9824561403508771,0.9824561403508771,0.9824561403508771,57.0,214,743,\triangleq,Custom CNN
0.9444444444444444,1.0,0.9714285714285714,17.0,215,748,\Downarrow,Custom CNN
0.9090909090909091,0.9523809523809523,0.9302325581395349,21.0,216,751,\downarrow,Custom CNN
0.8656716417910447,0.9886363636363636,0.9230769230769231,176.0,217,753,\Rightarrow,Custom CNN
1.0,0.9850746268656716,0.9924812030075187,67.0,218,756,\hookrightarrow,Custom CNN
1.0,0.08333333333333333,0.15384615384615385,24.0,219,757,\Longleftrightarrow,Custom CNN
1.0,0.9333333333333333,0.9655172413793104,15.0,220,758,\searrow,Custom CNN
0.2,0.05263157894736842,0.08333333333333333,19.0,221,759,\longmapsto,Custom CNN
0.9,0.8571428571428571,0.8780487804878049,21.0,222,761,\leftarrow,Custom CNN
1.0,0.037037037037037035,0.07142857142857142,27.0,223,762,\Longrightarrow,Custom CNN
0.7931034482758621,1.0,0.8846153846153846,23.0,224,763,\uparrow,Custom CNN
0.9333333333333333,1.0,0.9655172413793104,14.0,225,764,\Leftarrow,Custom CNN
0.5,0.16,0.24242424242424243,25.0,226,765,\longrightarrow,Custom CNN
0.7973856209150327,0.9838709677419355,0.8808664259927798,124.0,227,767,\Leftrightarrow,Custom CNN
0.8301886792452831,0.9565217391304348,0.8888888888888888,92.0,228,768,\mapsto,Custom CNN
0.9583333333333334,0.9019607843137255,0.9292929292929293,51.0,229,770,\leftrightarrow,Custom CNN
0.9130434782608695,1.0,0.9545454545454546,21.0,230,771,\nearrow,Custom CNN
0.8260869565217391,0.9047619047619048,0.8636363636363636,21.0,231,775,\rightleftharpoons,Custom CNN
0.9166666666666666,1.0,0.9565217391304348,22.0,232,777,\rightharpoonup,Custom CNN
0.8529411764705882,0.9206349206349206,0.8854961832061069,63.0,233,778,\leadsto,Custom CNN
0.7,0.8235294117647058,0.7567567567567568,17.0,234,783,\circlearrowleft,Custom CNN
1.0,1.0,1.0,13.0,235,785,\rightleftarrows,Custom CNN
1.0,0.35714285714285715,0.5263157894736842,14.0,236,786,\circlearrowright,Custom CNN
0.8666666666666667,0.9285714285714286,0.896551724137931,14.0,237,788,\rightrightarrows,Custom CNN
0.7142857142857143,0.5555555555555556,0.625,18.0,238,791,\rightsquigarrow,Custom CNN
0.9444444444444444,1.0,0.9714285714285714,17.0,239,792,\curvearrowright,Custom CNN
0.78,0.9285714285714286,0.8478260869565217,42.0,240,801,\twoheadrightarrow,Custom CNN
0.8333333333333334,1.0,0.9090909090909091,10.0,241,809,\nRightarrow,Custom CNN
0.9333333333333333,0.7368421052631579,0.8235294117647058,19.0,242,812,\nrightarrow,Custom CNN
0.9230769230769231,0.8571428571428571,0.8888888888888888,14.0,243,817,\upharpoonright,Custom CNN
0.8461538461538461,0.8461538461538461,0.8461538461538461,13.0,244,822,\mapsfrom,Custom CNN
0.0,0.0,0.0,28.0,245,823,\shortrightarrow,Custom CNN
0.8166666666666667,0.8909090909090909,0.8521739130434782,55.0,246,827,\lightning,Custom CNN
0.8928571428571429,0.8620689655172413,0.8771929824561403,29.0,247,837,\vartheta,Custom CNN
0.875,0.9333333333333333,0.9032258064516129,15.0,248,838,\varpi,Custom CNN
0.42857142857142855,0.04054054054054054,0.07407407407407407,74.0,249,881,\bot,Custom CNN
0.9634703196347032,0.985981308411215,0.9745958429561201,214.0,250,882,\forall,Custom CNN
0.9795918367346939,0.9795918367346939,0.9795918367346939,49.0,251,884,\ni,Custom CNN
0.7435897435897436,0.8529411764705882,0.7945205479452054,34.0,252,885,\top,Custom CNN
0.8979591836734694,0.967032967032967,0.9312169312169312,91.0,253,886,\ell,Custom CNN
0.875,0.9423076923076923,0.9074074074074074,52.0,254,887,\hbar,Custom CNN
0.8659003831417624,0.9826086956521739,0.9205702647657841,230.0,255,888,\in,Custom CNN
0.9219858156028369,0.9923664122137404,0.9558823529411765,131.0,256,889,\notin,Custom CNN
0.7368421052631579,0.7777777777777778,0.7567567567567568,36.0,257,890,\wp,Custom CNN
1.0,0.9929078014184397,0.99644128113879,141.0,258,891,\exists,Custom CNN
0.9,0.6923076923076923,0.782608695652174,13.0,259,892,\Im,Custom CNN
0.4444444444444444,0.4,0.42105263157894735,20.0,260,894,\Re,Custom CNN
1.0,0.96875,0.9841269841269841,32.0,261,901,\nexists,Custom CNN
0.9058823529411765,1.0,0.9506172839506173,77.0,262,912,\langle,Custom CNN
0.9230769230769231,0.75,0.8275862068965517,16.0,263,913,\rangle,Custom CNN
0.6041666666666666,0.8285714285714286,0.6987951807228916,35.0,264,914,\lceil,Custom CNN
0.9444444444444444,0.9444444444444444,0.9444444444444444,18.0,265,915,\rceil,Custom CNN
0.9375,0.7142857142857143,0.8108108108108109,42.0,266,916,\lfloor,Custom CNN
0.9,0.6,0.72,15.0,267,917,\rfloor,Custom CNN
0.891566265060241,0.8043478260869565,0.8457142857142858,92.0,268,918,[,Custom CNN
0.9565217391304348,0.8461538461538461,0.8979591836734694,26.0,269,919,],Custom CNN
0.0,0.0,0.0,52.0,270,920,|,Custom CNN
0.625,0.2702702702702703,0.37735849056603776,37.0,271,921,\|,Custom CNN
0.7936507936507936,0.9259259259259259,0.8547008547008547,54.0,272,922,/,Custom CNN
0.9090909090909091,0.8974358974358975,0.9032258064516129,78.0,273,923,\llbracket,Custom CNN
0.9444444444444444,0.9444444444444444,0.9444444444444444,18.0,274,924,\rrbracket,Custom CNN
0.9318181818181818,1.0,0.9647058823529412,41.0,275,934,\vdots,Custom CNN
0.975,0.975,0.975,40.0,276,936,\ddots,Custom CNN
0.0,0.0,0.0,15.0,277,941,\dotsc,Custom CNN
0.9076923076923077,0.7662337662337663,0.8309859154929577,77.0,278,943,\aleph,Custom CNN
0.979381443298969,0.976027397260274,0.9777015437392796,292.0,279,944,\infty,Custom CNN
0.6666666666666666,0.13333333333333333,0.2222222222222222,15.0,280,945,\prime,Custom CNN
0.84,0.875,0.8571428571428571,24.0,281,946,\angle,Custom CNN
0.5,0.5,0.5,12.0,282,947,\diamondsuit,Custom CNN
0.625,0.625,0.625,24.0,283,948,\sharp,Custom CNN
0.0,0.0,0.0,26.0,284,949,\backslash,Custom CNN
0.6091954022988506,0.5578947368421052,0.5824175824175825,95.0,285,950,\emptyset,Custom CNN
0.8561151079136691,0.9754098360655737,0.9118773946360154,122.0,286,951,\nabla,Custom CNN
0.875,0.5384615384615384,0.6666666666666666,13.0,287,953,\flat,Custom CNN
0.8709677419354839,0.9642857142857143,0.9152542372881356,28.0,288,956,\clubsuit,Custom CNN
0.9456521739130435,0.9560439560439561,0.9508196721311475,91.0,289,957,\heartsuit,Custom CNN
0.9651162790697675,0.9764705882352941,0.9707602339181286,85.0,290,958,\neg,Custom CNN
0.0,0.0,0.0,32.0,291,959,\triangle,Custom CNN
1.0,0.9081632653061225,0.9518716577540107,98.0,292,960,\sqrt{},Custom CNN
0.7692307692307693,0.9090909090909091,0.8333333333333334,11.0,293,965,\sphericalangle,Custom CNN
0.9758454106280193,0.926605504587156,0.9505882352941176,218.0,294,968,\square,Custom CNN
0.0,0.0,0.0,20.0,295,971,\triangledown,Custom CNN
0.8723404255319149,1.0,0.9318181818181818,41.0,296,972,\blacksquare,Custom CNN
0.5333333333333333,0.5,0.5161290322580645,16.0,297,973,\lozenge,Custom CNN
0.25,0.02127659574468085,0.0392156862745098,47.0,298,974,\varnothing,Custom CNN
0.0,0.0,0.0,12.0,299,977,\vartriangle,Custom CNN
0.9565217391304348,0.9166666666666666,0.9361702127659575,24.0,300,992,\iddots,Custom CNN
0.9333333333333333,0.3888888888888889,0.5490196078431373,36.0,301,993,\mathcal{A},Custom CNN
0.55,0.6875,0.6111111111111112,16.0,302,994,\mathcal{B},Custom CNN
0.7142857142857143,0.5263157894736842,0.6060606060606061,19.0,303,995,\mathcal{C},Custom CNN
0.6666666666666666,0.38095238095238093,0.48484848484848486,21.0,304,996,\mathcal{D},Custom CNN
0.3076923076923077,0.27586206896551724,0.2909090909090909,29.0,305,997,\mathcal{E},Custom CNN
0.8292682926829268,0.85,0.8395061728395061,40.0,306,998,\mathcal{F},Custom CNN
0.5294117647058824,0.75,0.6206896551724138,12.0,307,999,\mathcal{G},Custom CNN
0.7096774193548387,0.88,0.7857142857142857,25.0,308,1000,\mathcal{H},Custom CNN
0.873015873015873,0.7333333333333333,0.7971014492753623,75.0,309,1004,\mathcal{L},Custom CNN
0.8260869565217391,0.8260869565217391,0.8260869565217391,23.0,310,1005,\mathcal{M},Custom CNN
0.8108108108108109,0.9090909090909091,0.8571428571428571,33.0,311,1006,\mathcal{N},Custom CNN
0.35185185185185186,0.8735632183908046,0.5016501650165016,87.0,312,1007,\mathcal{O},Custom CNN
0.7083333333333334,0.918918918918919,0.8,37.0,313,1008,\mathcal{P},Custom CNN
0.4666666666666667,0.4375,0.45161290322580644,16.0,314,1010,\mathcal{R},Custom CNN
0.4411764705882353,0.7894736842105263,0.5660377358490566,19.0,315,1011,\mathcal{S},Custom CNN
0.3684210526315789,0.7368421052631579,0.49122807017543857,19.0,316,1012,\mathcal{T},Custom CNN
0.43478260869565216,0.8333333333333334,0.5714285714285714,12.0,317,1013,\mathcal{U},Custom CNN
0.4,0.15384615384615385,0.2222222222222222,13.0,318,1016,\mathcal{X},Custom CNN
0.55,0.6875,0.6111111111111112,16.0,319,1018,\mathcal{Z},Custom CNN
0.75,0.75,0.75,16.0,320,1019,\mathfrak{A},Custom CNN
0.6875,1.0,0.8148148148148148,11.0,321,1031,\mathfrak{M},Custom CNN
0.5454545454545454,0.782608695652174,0.6428571428571429,23.0,322,1037,\mathfrak{S},Custom CNN
0.7857142857142857,0.9166666666666666,0.8461538461538461,12.0,323,1042,\mathfrak{X},Custom CNN
0.7117117117117117,0.8315789473684211,0.7669902912621359,95.0,324,1045,\mathbb{1},Custom CNN
0.23076923076923078,0.09375,0.13333333333333333,32.0,325,1046,\mathds{1},Custom CNN
0.925,0.8809523809523809,0.9024390243902439,42.0,326,1051,\mathds{C},Custom CNN
0.7391304347826086,0.8095238095238095,0.7727272727272727,21.0,327,1053,\mathds{E},Custom CNN
0.8695652173913043,0.9803921568627451,0.9216589861751152,102.0,328,1062,\mathds{N},Custom CNN
0.75,0.9,0.8181818181818182,20.0,329,1064,\mathds{P},Custom CNN
0.5641025641025641,0.9565217391304348,0.7096774193548387,23.0,330,1065,\mathds{Q},Custom CNN
0.9235294117647059,0.6596638655462185,0.7696078431372549,238.0,331,1066,\mathds{R},Custom CNN
0.8727272727272727,0.9504950495049505,0.909952606635071,101.0,332,1074,\mathds{Z},Custom CNN
0.5769230769230769,0.7894736842105263,0.6666666666666666,19.0,333,1075,\mathscr{A},Custom CNN
0.5,0.6818181818181818,0.5769230769230769,22.0,334,1077,\mathscr{C},Custom CNN
0.7368421052631579,1.0,0.8484848484848485,14.0,335,1078,\mathscr{D},Custom CNN
0.375,0.8181818181818182,0.5142857142857142,11.0,336,1079,\mathscr{E},Custom CNN
0.45454545454545453,0.35714285714285715,0.4,14.0,337,1080,\mathscr{F},Custom CNN
0.5666666666666667,0.8095238095238095,0.6666666666666666,21.0,338,1082,\mathscr{H},Custom CNN
0.7628865979381443,0.9135802469135802,0.8314606741573034,81.0,339,1086,\mathscr{L},Custom CNN
0.5,0.4166666666666667,0.45454545454545453,12.0,340,1090,\mathscr{P},Custom CNN
0.8235294117647058,0.7,0.7567567567567568,20.0,341,1093,\mathscr{S},Custom CNN
0.8157894736842105,0.9393939393939394,0.8732394366197183,33.0,342,1101,\celsius,Custom CNN
0.4444444444444444,0.11764705882352941,0.18604651162790697,68.0,343,1102,\degree,Custom CNN
0.3157894736842105,0.18181818181818182,0.23076923076923078,33.0,344,1103,\ohm,Custom CNN
0.45454545454545453,0.7692307692307693,0.5714285714285714,13.0,345,1111,\venus,Custom CNN
0.6818181818181818,0.6521739130434783,0.6666666666666666,23.0,346,1112,\mars,Custom CNN
0.3333333333333333,0.4666666666666667,0.3888888888888889,30.0,347,1115,\astrosun,Custom CNN
0.0,0.0,0.0,15.0,348,1116,\fullmoon,Custom CNN
0.9,0.8181818181818182,0.8571428571428571,11.0,349,1117,\leftmoon,Custom CNN
0.4,0.1111111111111111,0.17391304347826086,18.0,350,1168,\female,Custom CNN
0.7419354838709677,0.6052631578947368,0.6666666666666666,38.0,351,1169,\male,Custom CNN
0.0,0.0,0.0,28.0,352,1177,\checked,Custom CNN
0.13675213675213677,0.8,0.23357664233576642,20.0,353,1184,\diameter,Custom CNN
0.8947368421052632,1.0,0.9444444444444444,17.0,354,1185,\sun,Custom CNN
0.53125,0.6296296296296297,0.576271186440678,27.0,355,1187,\Bowtie,Custom CNN
0.0,0.0,0.0,6.0,356,1314,\mathbb{Q},Custom CNN
0.0,0.0,0.0,6.0,357,1315,\mathbb{N},Custom CNN
0.0,0.0,0.0,7.0,358,1316,\mathbb{Z},Custom CNN
0.7777777777777778,0.875,0.8235294117647058,8.0,359,1317,\mathbb{H},Custom CNN
0.42857142857142855,0.375,0.4,24.0,360,1369,\ss,Custom CNN
0.7931034482758621,0.9583333333333334,0.8679245283018868,24.0,361,1371,\aa,Custom CNN
1.0,0.9,0.9473684210526315,10.0,362,1374,\L,Custom CNN
0.8795180722891566,0.9605263157894737,0.9182389937106918,76.0,363,1382,\AA,Custom CNN
0.3,0.125,0.17647058823529413,24.0,364,1385,\O,Custom CNN
0.0,0.0,0.0,32.0,365,1394,\o,Custom CNN
0.7575757575757576,0.8620689655172413,0.8064516129032258,29.0,366,1395,\ae,Custom CNN
0.9166666666666666,0.7333333333333333,0.8148148148148148,15.0,367,1396,\AE,Custom CNN
0.7333333333333333,1.0,0.8461538461538461,11.0,368,1400,\guillemotleft,Custom CNN
0.7777777777777778,0.875,0.8235294117647058,16.0,0,31,A,EfficientNetV2-S
0.4,0.5714285714285714,0.47058823529411764,7.0,1,32,B,EfficientNetV2-S
0.47619047619047616,0.7142857142857143,0.5714285714285714,14.0,2,33,C,EfficientNetV2-S
0.36363636363636365,0.6666666666666666,0.47058823529411764,6.0,3,34,D,EfficientNetV2-S
0.7142857142857143,0.8333333333333334,0.7692307692307693,6.0,4,35,E,EfficientNetV2-S
0.8,0.6666666666666666,0.7272727272727273,6.0,5,36,F,EfficientNetV2-S
0.6470588235294118,0.9166666666666666,0.7586206896551724,12.0,6,37,G,EfficientNetV2-S
0.7777777777777778,1.0,0.875,7.0,7,38,H,EfficientNetV2-S
0.5833333333333334,0.7,0.6363636363636364,10.0,8,39,I,EfficientNetV2-S
0.6428571428571429,0.8181818181818182,0.72,11.0,9,40,J,EfficientNetV2-S
1.0,0.6,0.75,10.0,10,41,K,EfficientNetV2-S
0.4666666666666667,0.5833333333333334,0.5185185185185185,12.0,11,42,L,EfficientNetV2-S
0.7272727272727273,0.6666666666666666,0.6956521739130435,12.0,12,43,M,EfficientNetV2-S
0.6666666666666666,0.9090909090909091,0.7692307692307693,11.0,13,44,N,EfficientNetV2-S
0.4,0.2222222222222222,0.2857142857142857,9.0,14,45,O,EfficientNetV2-S
0.2631578947368421,0.625,0.37037037037037035,8.0,15,46,P,EfficientNetV2-S
1.0,0.7142857142857143,0.8333333333333334,7.0,16,47,Q,EfficientNetV2-S
0.5714285714285714,0.8888888888888888,0.6956521739130435,9.0,17,48,R,EfficientNetV2-S
1.0,0.2857142857142857,0.4444444444444444,7.0,18,49,S,EfficientNetV2-S
1.0,0.16666666666666666,0.2857142857142857,6.0,19,50,T,EfficientNetV2-S
1.0,0.16666666666666666,0.2857142857142857,6.0,20,51,U,EfficientNetV2-S
0.2222222222222222,0.3333333333333333,0.26666666666666666,6.0,21,52,V,EfficientNetV2-S
0.75,0.42857142857142855,0.5454545454545454,7.0,22,53,W,EfficientNetV2-S
0.25,0.3333333333333333,0.2857142857142857,6.0,23,54,X,EfficientNetV2-S
0.8333333333333334,0.8333333333333334,0.8333333333333334,6.0,24,55,Y,EfficientNetV2-S
0.2777777777777778,0.7142857142857143,0.4,7.0,25,56,Z,EfficientNetV2-S
0.6330935251798561,0.822429906542056,0.7154471544715447,107.0,26,59,\rightarrow,EfficientNetV2-S
0.4166666666666667,0.35714285714285715,0.38461538461538464,14.0,27,70,0,EfficientNetV2-S
0.46153846153846156,0.5,0.48,12.0,28,71,1,EfficientNetV2-S
0.7692307692307693,0.7692307692307693,0.7692307692307693,13.0,29,72,2,EfficientNetV2-S
0.4375,0.5833333333333334,0.5,12.0,30,73,3,EfficientNetV2-S
0.7142857142857143,0.7142857142857143,0.7142857142857143,7.0,31,74,4,EfficientNetV2-S
0.6666666666666666,0.75,0.7058823529411765,8.0,32,75,5,EfficientNetV2-S
0.6153846153846154,0.8,0.6956521739130435,10.0,33,76,6,EfficientNetV2-S
0.5384615384615384,0.875,0.6666666666666666,8.0,34,77,7,EfficientNetV2-S
0.5,0.46153846153846156,0.48,13.0,35,78,8,EfficientNetV2-S
0.5,0.5555555555555556,0.5263157894736842,9.0,36,79,9,EfficientNetV2-S
0.773972602739726,0.7337662337662337,0.7533333333333333,154.0,37,81,\pi,EfficientNetV2-S
0.7936507936507936,0.7662835249042146,0.7797270955165692,261.0,38,82,\alpha,EfficientNetV2-S
0.7964601769911505,0.7894736842105263,0.7929515418502202,114.0,39,87,\beta,EfficientNetV2-S
0.6756756756756757,0.7352941176470589,0.704225352112676,340.0,40,88,\sum,EfficientNetV2-S
0.9207920792079208,0.8230088495575221,0.8691588785046729,113.0,41,89,\sigma,EfficientNetV2-S
0.5384615384615384,0.7777777777777778,0.6363636363636364,9.0,42,90,a,EfficientNetV2-S
0.5,0.16666666666666666,0.25,6.0,43,91,b,EfficientNetV2-S
0.0,0.0,0.0,7.0,44,92,c,EfficientNetV2-S
0.8,0.6666666666666666,0.7272727272727273,6.0,45,93,d,EfficientNetV2-S
0.6666666666666666,0.5714285714285714,0.6153846153846154,7.0,46,94,e,EfficientNetV2-S
0.6,0.42857142857142855,0.5,7.0,47,95,f,EfficientNetV2-S
0.0,0.0,0.0,6.0,48,96,g,EfficientNetV2-S
0.6,0.5,0.5454545454545454,6.0,49,97,h,EfficientNetV2-S
0.8333333333333334,0.8333333333333334,0.8333333333333334,6.0,50,98,i,EfficientNetV2-S
0.8333333333333334,0.8333333333333334,0.8333333333333334,6.0,51,99,j,EfficientNetV2-S
1.0,0.6666666666666666,0.8,6.0,52,100,k,EfficientNetV2-S
0.0,0.0,0.0,6.0,53,101,l,EfficientNetV2-S
0.6,0.5,0.5454545454545454,6.0,54,102,m,EfficientNetV2-S
0.8,0.5714285714285714,0.6666666666666666,7.0,55,103,n,EfficientNetV2-S
0.0,0.0,0.0,7.0,56,104,o,EfficientNetV2-S
0.7142857142857143,0.8333333333333334,0.7692307692307693,6.0,57,105,p,EfficientNetV2-S
0.6666666666666666,0.5714285714285714,0.6153846153846154,7.0,58,106,q,EfficientNetV2-S
0.6666666666666666,0.2857142857142857,0.4,7.0,59,107,r,EfficientNetV2-S
0.5,0.16666666666666666,0.25,6.0,60,108,s,EfficientNetV2-S
0.6,0.5,0.5454545454545454,6.0,61,110,u,EfficientNetV2-S
0.0,0.0,0.0,7.0,62,111,v,EfficientNetV2-S
0.42857142857142855,0.5,0.46153846153846156,6.0,63,112,w,EfficientNetV2-S
0.0,0.0,0.0,7.0,64,113,x,EfficientNetV2-S
0.4,0.6666666666666666,0.5,6.0,65,114,y,EfficientNetV2-S
0.0,0.0,0.0,6.0,66,115,z,EfficientNetV2-S
0.4444444444444444,0.33507853403141363,0.382089552238806,191.0,67,116,\Sigma,EfficientNetV2-S
0.9504950495049505,0.8421052631578947,0.8930232558139535,114.0,68,117,\gamma,EfficientNetV2-S
0.8333333333333334,0.7936507936507936,0.8130081300813008,63.0,69,150,\Gamma,EfficientNetV2-S
0.875,0.896,0.8853754940711462,125.0,70,151,\delta,EfficientNetV2-S
0.689922480620155,0.89,0.777292576419214,100.0,71,152,\Delta,EfficientNetV2-S
0.7040816326530612,0.7840909090909091,0.7419354838709677,88.0,72,153,\zeta,EfficientNetV2-S
0.775,0.8985507246376812,0.8322147651006712,69.0,73,154,\eta,EfficientNetV2-S
0.7192982456140351,0.6212121212121212,0.6666666666666666,66.0,74,155,\theta,EfficientNetV2-S
0.6170212765957447,0.6170212765957447,0.6170212765957447,47.0,75,156,\Theta,EfficientNetV2-S
0.3111111111111111,0.2545454545454545,0.28,55.0,76,157,\epsilon,EfficientNetV2-S
0.5392156862745098,0.7333333333333333,0.6214689265536724,75.0,77,158,\varepsilon,EfficientNetV2-S
0.9230769230769231,0.75,0.8275862068965517,16.0,78,159,\iota,EfficientNetV2-S
0.6,0.6923076923076923,0.6428571428571429,26.0,79,160,\kappa,EfficientNetV2-S
0.36363636363636365,0.26666666666666666,0.3076923076923077,15.0,80,161,\varkappa,EfficientNetV2-S
0.968421052631579,0.92,0.9435897435897436,100.0,81,162,\lambda,EfficientNetV2-S
0.5714285714285714,0.5333333333333333,0.5517241379310345,45.0,82,163,\Lambda,EfficientNetV2-S
0.8782608695652174,0.8782608695652174,0.8782608695652174,115.0,83,164,\mu,EfficientNetV2-S
0.7380952380952381,0.775,0.7560975609756098,40.0,84,165,\nu,EfficientNetV2-S
0.8860759493670886,0.8171206225680934,0.8502024291497976,257.0,85,166,\xi,EfficientNetV2-S
0.7727272727272727,0.85,0.8095238095238095,40.0,86,167,\Xi,EfficientNetV2-S
0.35294117647058826,0.15,0.21052631578947367,80.0,87,168,\Pi,EfficientNetV2-S
0.9152542372881356,0.7714285714285715,0.8372093023255814,70.0,88,169,\rho,EfficientNetV2-S
0.7647058823529411,0.5652173913043478,0.65,23.0,89,170,\varrho,EfficientNetV2-S
0.6511627906976745,0.6511627906976745,0.6511627906976745,43.0,90,171,\tau,EfficientNetV2-S
0.48863636363636365,0.6231884057971014,0.5477707006369427,69.0,91,174,\phi,EfficientNetV2-S
0.7419354838709677,0.7540983606557377,0.7479674796747967,61.0,92,175,\Phi,EfficientNetV2-S
0.9424460431654677,0.8562091503267973,0.8972602739726028,153.0,93,176,\varphi,EfficientNetV2-S
0.7471264367816092,0.6989247311827957,0.7222222222222222,93.0,94,177,\chi,EfficientNetV2-S
0.5454545454545454,0.42105263157894735,0.4752475247524752,57.0,95,178,\psi,EfficientNetV2-S
0.43478260869565216,0.6666666666666666,0.5263157894736842,45.0,96,179,\Psi,EfficientNetV2-S
0.921875,0.921875,0.921875,64.0,97,180,\omega,EfficientNetV2-S
0.717948717948718,0.6746987951807228,0.6956521739130435,83.0,98,181,\Omega,EfficientNetV2-S
0.9484978540772532,0.9132231404958677,0.9305263157894736,242.0,99,182,\partial,EfficientNetV2-S
0.9584569732937686,0.9176136363636364,0.9375907111756169,352.0,100,183,\int,EfficientNetV2-S
0.8518518518518519,0.9078947368421053,0.8789808917197452,76.0,101,184,\cdot,EfficientNetV2-S
0.7888888888888889,0.6698113207547169,0.7244897959183674,106.0,102,185,\leq,EfficientNetV2-S
0.7525773195876289,0.8390804597701149,0.7934782608695652,87.0,103,186,\geq,EfficientNetV2-S
0.6666666666666666,0.6666666666666666,0.6666666666666666,12.0,104,187,<,EfficientNetV2-S
0.6,0.5454545454545454,0.5714285714285714,11.0,105,188,>,EfficientNetV2-S
0.7474747474747475,0.9487179487179487,0.8361581920903954,78.0,106,189,\subset,EfficientNetV2-S
0.84,1.0,0.9130434782608695,42.0,107,190,\supset,EfficientNetV2-S
0.9617834394904459,0.9556962025316456,0.9587301587301588,158.0,108,191,\subseteq,EfficientNetV2-S
0.8536585365853658,0.8536585365853658,0.8536585365853658,41.0,109,192,\supseteq,EfficientNetV2-S
0.9440559440559441,0.9642857142857143,0.9540636042402827,140.0,110,193,\cong,EfficientNetV2-S
0.5734265734265734,0.5899280575539568,0.5815602836879432,139.0,111,194,\propto,EfficientNetV2-S
0.7142857142857143,0.8333333333333334,0.7692307692307693,12.0,112,195,-,EfficientNetV2-S
0.7777777777777778,0.7777777777777778,0.7777777777777778,9.0,113,196,+,EfficientNetV2-S
0.0,0.0,0.0,6.0,114,197,\mathbb{R},EfficientNetV2-S
0.7317073170731707,0.7692307692307693,0.75,39.0,115,254,\$,EfficientNetV2-S
0.8031496062992126,0.8947368421052632,0.8464730290456431,114.0,116,257,\{,EfficientNetV2-S
0.8888888888888888,0.64,0.7441860465116279,25.0,117,259,\copyright,EfficientNetV2-S
0.5652173913043478,0.9285714285714286,0.7027027027027027,14.0,118,260,\dots,EfficientNetV2-S
0.627906976744186,0.8181818181818182,0.7105263157894737,33.0,119,261,\},EfficientNetV2-S
0.5306122448979592,0.7428571428571429,0.6190476190476191,35.0,120,262,\S,EfficientNetV2-S
0.6944444444444444,0.9615384615384616,0.8064516129032258,26.0,121,263,\dag,EfficientNetV2-S
0.6923076923076923,0.6,0.6428571428571429,15.0,122,264,\pounds,EfficientNetV2-S
0.8,0.8062015503875969,0.803088803088803,129.0,123,265,\&,EfficientNetV2-S
0.8706896551724138,0.9439252336448598,0.905829596412556,107.0,124,266,\#,EfficientNetV2-S
0.9873417721518988,0.8764044943820225,0.9285714285714286,89.0,125,267,\%,EfficientNetV2-S
0.7192982456140351,0.9318181818181818,0.8118811881188119,88.0,126,268,\checkmark,EfficientNetV2-S
1.0,0.9166666666666666,0.9565217391304348,12.0,127,269,\circledR,EfficientNetV2-S
0.0,0.0,0.0,13.0,128,508,\mathsection,EfficientNetV2-S
0.5714285714285714,0.21052631578947367,0.3076923076923077,19.0,129,510,\amalg,EfficientNetV2-S
0.9587628865979382,1.0,0.9789473684210527,93.0,130,511,\cup,EfficientNetV2-S
0.9323308270676691,0.9253731343283582,0.9288389513108615,134.0,131,512,\oplus,EfficientNetV2-S
0.8224852071005917,0.9205298013245033,0.86875,151.0,132,513,\times,EfficientNetV2-S
0.9818181818181818,0.9642857142857143,0.972972972972973,56.0,133,514,\ast,EfficientNetV2-S
0.6363636363636364,0.5,0.56,14.0,134,517,\triangleleft,EfficientNetV2-S
0.9026548672566371,0.9444444444444444,0.9230769230769231,108.0,135,520,\otimes,EfficientNetV2-S
0.8235294117647058,0.875,0.8484848484848485,16.0,136,521,\triangleright,EfficientNetV2-S
0.6,0.84,0.7,25.0,137,523,\diamond,EfficientNetV2-S
0.9197530864197531,0.9738562091503268,0.946031746031746,153.0,138,524,\pm,EfficientNetV2-S
0.9142857142857143,0.9411764705882353,0.927536231884058,34.0,139,526,\div,EfficientNetV2-S
0.6363636363636364,0.6,0.6176470588235294,35.0,140,527,\bullet,EfficientNetV2-S
0.6779661016949152,0.7692307692307693,0.7207207207207207,52.0,141,528,\setminus,EfficientNetV2-S
0.8571428571428571,0.9473684210526315,0.9,19.0,142,529,\uplus,EfficientNetV2-S
0.9537037037037037,0.9363636363636364,0.944954128440367,110.0,143,530,\cap,EfficientNetV2-S
0.75,1.0,0.8571428571428571,12.0,144,531,\mp,EfficientNetV2-S
0.3333333333333333,0.8666666666666667,0.48148148148148145,15.0,145,532,\sqcap,EfficientNetV2-S
0.7857142857142857,0.8850574712643678,0.8324324324324325,87.0,146,533,\vee,EfficientNetV2-S
0.6133333333333333,0.9387755102040817,0.7419354838709677,49.0,147,534,\odot,EfficientNetV2-S
0.8064516129032258,0.9259259259259259,0.8620689655172413,27.0,148,535,\sqcup,EfficientNetV2-S
0.8121212121212121,0.9178082191780822,0.8617363344051447,146.0,149,536,\wedge,EfficientNetV2-S
0.42857142857142855,0.826530612244898,0.5644599303135889,98.0,150,537,\circ,EfficientNetV2-S
0.26666666666666666,0.36363636363636365,0.3076923076923077,11.0,151,538,\ominus,EfficientNetV2-S
0.96,0.8888888888888888,0.9230769230769231,27.0,152,539,\star,EfficientNetV2-S
0.75,0.5,0.6,6.0,153,540,\wr,EfficientNetV2-S
1.0,0.9090909090909091,0.9523809523809523,11.0,154,541,\barwedge,EfficientNetV2-S
0.5263157894736842,0.8333333333333334,0.6451612903225806,12.0,155,542,\circledcirc,EfficientNetV2-S
1.0,1.0,1.0,13.0,156,544,\boxdot,EfficientNetV2-S
0.8148148148148148,0.9565217391304348,0.88,23.0,157,549,\ltimes,EfficientNetV2-S
1.0,0.9090909090909091,0.9523809523809523,11.0,158,550,\boxplus,EfficientNetV2-S
1.0,1.0,1.0,22.0,159,553,\boxtimes,EfficientNetV2-S
0.96,0.8888888888888888,0.9230769230769231,27.0,160,555,\rtimes,EfficientNetV2-S
0.9166666666666666,0.9166666666666666,0.9166666666666666,12.0,161,562,\circledast,EfficientNetV2-S
0.46153846153846156,0.5454545454545454,0.5,11.0,162,564,\lhd,EfficientNetV2-S
0.5324675324675324,0.7321428571428571,0.6165413533834586,112.0,163,574,\prod,EfficientNetV2-S
0.52,0.7647058823529411,0.6190476190476191,17.0,164,577,\coprod,EfficientNetV2-S
0.8015873015873016,0.8487394957983193,0.8244897959183674,119.0,165,582,\oint,EfficientNetV2-S
1.0,0.6,0.75,10.0,166,583,\parr,EfficientNetV2-S
0.2,0.09523809523809523,0.12903225806451613,21.0,167,584,\with,EfficientNetV2-S
0.7857142857142857,0.7333333333333333,0.7586206896551724,30.0,168,591,\fint,EfficientNetV2-S
0.5,0.6,0.5454545454545454,15.0,169,595,\varoiint,EfficientNetV2-S
0.8148148148148148,0.6875,0.7457627118644068,32.0,170,600,\oiint,EfficientNetV2-S
0.9900497512437811,0.9707317073170731,0.9802955665024631,205.0,171,601,\approx,EfficientNetV2-S
0.9498069498069498,0.9761904761904762,0.9628180039138943,252.0,172,603,\equiv,EfficientNetV2-S
0.9411764705882353,0.8205128205128205,0.8767123287671232,39.0,173,604,\not\equiv,EfficientNetV2-S
0.5868263473053892,0.8828828828828829,0.7050359712230215,111.0,174,605,\perp,EfficientNetV2-S
0.9230769230769231,0.8,0.8571428571428571,15.0,175,607,\asymp,EfficientNetV2-S
0.6666666666666666,0.6666666666666666,0.6666666666666666,9.0,176,608,\frown,EfficientNetV2-S
0.8333333333333334,0.9433962264150944,0.8849557522123894,53.0,177,609,\prec,EfficientNetV2-S
0.9210526315789473,0.9459459459459459,0.9333333333333333,37.0,178,610,\succ,EfficientNetV2-S
0.5625,0.375,0.45,24.0,179,611,\bowtie,EfficientNetV2-S
0.7096774193548387,0.7857142857142857,0.7457627118644068,28.0,180,612,\preceq,EfficientNetV2-S
0.8823529411764706,0.7142857142857143,0.7894736842105263,21.0,181,613,\succeq,EfficientNetV2-S
0.34146341463414637,0.4117647058823529,0.37333333333333335,34.0,182,614,\mid,EfficientNetV2-S
0.9901960784313726,0.9439252336448598,0.9665071770334929,107.0,183,615,\vdash,EfficientNetV2-S
0.9523809523809523,0.9090909090909091,0.9302325581395349,22.0,184,616,\dashv,EfficientNetV2-S
0.4875,0.8125,0.609375,48.0,185,617,\models,EfficientNetV2-S
0.9611650485436893,0.9850746268656716,0.972972972972973,201.0,186,618,\sim,EfficientNetV2-S
0.8095238095238095,0.9444444444444444,0.8717948717948718,18.0,187,620,\doteq,EfficientNetV2-S
0.625,0.5555555555555556,0.5882352941176471,36.0,188,621,\parallel,EfficientNetV2-S
0.9354838709677419,0.9886363636363636,0.9613259668508287,88.0,189,622,\simeq,EfficientNetV2-S
0.9090909090909091,0.6666666666666666,0.7692307692307693,15.0,190,630,\backsim,EfficientNetV2-S
1.0,0.9,0.9473684210526315,10.0,191,631,\multimap,EfficientNetV2-S
0.9230769230769231,1.0,0.96,12.0,192,634,\pitchfork,EfficientNetV2-S
1.0,0.987012987012987,0.9934640522875817,77.0,193,635,\therefore,EfficientNetV2-S
1.0,1.0,1.0,22.0,194,636,\because,EfficientNetV2-S
0.6,0.6,0.6,10.0,195,639,\between,EfficientNetV2-S
0.8,0.631578947368421,0.7058823529411765,19.0,196,640,\preccurlyeq,EfficientNetV2-S
0.0,0.0,0.0,14.0,197,644,\varpropto,EfficientNetV2-S
0.6086956521739131,1.0,0.7567567567567568,14.0,198,647,\Vdash,EfficientNetV2-S
0.4666666666666667,0.15217391304347827,0.22950819672131148,46.0,199,650,\vDash,EfficientNetV2-S
0.7555555555555555,0.9714285714285714,0.85,35.0,200,661,\nmid,EfficientNetV2-S
0.7,0.9333333333333333,0.8,15.0,201,671,\nvDash,EfficientNetV2-S
0.6829268292682927,0.9655172413793104,0.8,29.0,202,678,\sqsubseteq,EfficientNetV2-S
0.8125,0.65,0.7222222222222222,20.0,203,679,\nsubseteq,EfficientNetV2-S
0.75,0.875,0.8076923076923077,24.0,204,683,\subsetneq,EfficientNetV2-S
0.5,0.5,0.5,10.0,205,684,\varsubsetneq,EfficientNetV2-S
0.9448275862068966,0.8954248366013072,0.9194630872483222,153.0,206,698,\neq,EfficientNetV2-S
0.7037037037037037,0.6129032258064516,0.6551724137931034,31.0,207,711,\geqslant,EfficientNetV2-S
0.7272727272727273,0.8,0.7619047619047619,10.0,208,712,\gtrless,EfficientNetV2-S
0.9324324324324325,0.8846153846153846,0.9078947368421053,78.0,209,713,\lesssim,EfficientNetV2-S
0.9193548387096774,0.8769230769230769,0.8976377952755905,65.0,210,716,\gtrsim,EfficientNetV2-S
0.6041666666666666,0.725,0.6590909090909091,40.0,211,728,\leqslant,EfficientNetV2-S
0.8571428571428571,0.7058823529411765,0.7741935483870968,17.0,212,739,\trianglelefteq,EfficientNetV2-S
1.0,1.0,1.0,6.0,213,741,\blacktriangleright,EfficientNetV2-S
0.9473684210526315,0.9473684210526315,0.9473684210526315,57.0,214,743,\triangleq,EfficientNetV2-S
0.8888888888888888,0.9411764705882353,0.9142857142857143,17.0,215,748,\Downarrow,EfficientNetV2-S
0.8636363636363636,0.9047619047619048,0.8837209302325582,21.0,216,751,\downarrow,EfficientNetV2-S
0.875,0.8352272727272727,0.8546511627906976,176.0,217,753,\Rightarrow,EfficientNetV2-S
0.9104477611940298,0.9104477611940298,0.9104477611940298,67.0,218,756,\hookrightarrow,EfficientNetV2-S
0.5,0.25,0.3333333333333333,24.0,219,757,\Longleftrightarrow,EfficientNetV2-S
1.0,0.9333333333333333,0.9655172413793104,15.0,220,758,\searrow,EfficientNetV2-S
0.15384615384615385,0.10526315789473684,0.125,19.0,221,759,\longmapsto,EfficientNetV2-S
0.7333333333333333,0.5238095238095238,0.6111111111111112,21.0,222,761,\leftarrow,EfficientNetV2-S
0.2962962962962963,0.2962962962962963,0.2962962962962963,27.0,223,762,\Longrightarrow,EfficientNetV2-S
0.88,0.9565217391304348,0.9166666666666666,23.0,224,763,\uparrow,EfficientNetV2-S
0.8235294117647058,1.0,0.9032258064516129,14.0,225,764,\Leftarrow,EfficientNetV2-S
0.3333333333333333,0.12,0.17647058823529413,25.0,226,765,\longrightarrow,EfficientNetV2-S
0.8455882352941176,0.9274193548387096,0.8846153846153846,124.0,227,767,\Leftrightarrow,EfficientNetV2-S
0.7383177570093458,0.8586956521739131,0.7939698492462312,92.0,228,768,\mapsto,EfficientNetV2-S
0.9148936170212766,0.8431372549019608,0.8775510204081632,51.0,229,770,\leftrightarrow,EfficientNetV2-S
0.9090909090909091,0.9523809523809523,0.9302325581395349,21.0,230,771,\nearrow,EfficientNetV2-S
0.625,0.9523809523809523,0.7547169811320755,21.0,231,775,\rightleftharpoons,EfficientNetV2-S
0.7142857142857143,0.9090909090909091,0.8,22.0,232,777,\rightharpoonup,EfficientNetV2-S
0.8055555555555556,0.9206349206349206,0.8592592592592593,63.0,233,778,\leadsto,EfficientNetV2-S
0.45454545454545453,0.8823529411764706,0.6,17.0,234,783,\circlearrowleft,EfficientNetV2-S
0.75,0.6923076923076923,0.72,13.0,235,785,\rightleftarrows,EfficientNetV2-S
0.6666666666666666,0.14285714285714285,0.23529411764705882,14.0,236,786,\circlearrowright,EfficientNetV2-S
0.6842105263157895,0.9285714285714286,0.7878787878787878,14.0,237,788,\rightrightarrows,EfficientNetV2-S
0.7058823529411765,0.6666666666666666,0.6857142857142857,18.0,238,791,\rightsquigarrow,EfficientNetV2-S
0.7894736842105263,0.8823529411764706,0.8333333333333334,17.0,239,792,\curvearrowright,EfficientNetV2-S
0.8205128205128205,0.7619047619047619,0.7901234567901234,42.0,240,801,\twoheadrightarrow,EfficientNetV2-S
0.6923076923076923,0.9,0.782608695652174,10.0,241,809,\nRightarrow,EfficientNetV2-S
0.7272727272727273,0.8421052631578947,0.7804878048780488,19.0,242,812,\nrightarrow,EfficientNetV2-S
0.7857142857142857,0.7857142857142857,0.7857142857142857,14.0,243,817,\upharpoonright,EfficientNetV2-S
0.6111111111111112,0.8461538461538461,0.7096774193548387,13.0,244,822,\mapsfrom,EfficientNetV2-S
1.0,0.03571428571428571,0.06896551724137931,28.0,245,823,\shortrightarrow,EfficientNetV2-S
0.6857142857142857,0.8727272727272727,0.768,55.0,246,827,\lightning,EfficientNetV2-S
0.8461538461538461,0.7586206896551724,0.8,29.0,247,837,\vartheta,EfficientNetV2-S
0.8235294117647058,0.9333333333333333,0.875,15.0,248,838,\varpi,EfficientNetV2-S
0.2222222222222222,0.02702702702702703,0.04819277108433735,74.0,249,881,\bot,EfficientNetV2-S
0.9716981132075472,0.9626168224299065,0.9671361502347418,214.0,250,882,\forall,EfficientNetV2-S
0.8333333333333334,0.9183673469387755,0.8737864077669902,49.0,251,884,\ni,EfficientNetV2-S
0.7380952380952381,0.9117647058823529,0.8157894736842105,34.0,252,885,\top,EfficientNetV2-S
0.88,0.967032967032967,0.9214659685863874,91.0,253,886,\ell,EfficientNetV2-S
0.9230769230769231,0.9230769230769231,0.9230769230769231,52.0,254,887,\hbar,EfficientNetV2-S
0.8672566371681416,0.8521739130434782,0.8596491228070176,230.0,255,888,\in,EfficientNetV2-S
0.8931297709923665,0.8931297709923665,0.8931297709923665,131.0,256,889,\notin,EfficientNetV2-S
0.7931034482758621,0.6388888888888888,0.7076923076923077,36.0,257,890,\wp,EfficientNetV2-S
0.9785714285714285,0.9716312056737588,0.9750889679715302,141.0,258,891,\exists,EfficientNetV2-S
0.6363636363636364,0.5384615384615384,0.5833333333333334,13.0,259,892,\Im,EfficientNetV2-S
0.5454545454545454,0.3,0.3870967741935484,20.0,260,894,\Re,EfficientNetV2-S
0.8055555555555556,0.90625,0.8529411764705882,32.0,261,901,\nexists,EfficientNetV2-S
0.9012345679012346,0.948051948051948,0.9240506329113924,77.0,262,912,\langle,EfficientNetV2-S
0.7,0.875,0.7777777777777778,16.0,263,913,\rangle,EfficientNetV2-S
0.627906976744186,0.7714285714285715,0.6923076923076923,35.0,264,914,\lceil,EfficientNetV2-S
0.7391304347826086,0.9444444444444444,0.8292682926829268,18.0,265,915,\rceil,EfficientNetV2-S
0.8205128205128205,0.7619047619047619,0.7901234567901234,42.0,266,916,\lfloor,EfficientNetV2-S
0.8,0.5333333333333333,0.64,15.0,267,917,\rfloor,EfficientNetV2-S
0.7901234567901234,0.6956521739130435,0.7398843930635838,92.0,268,918,[,EfficientNetV2-S
0.7419354838709677,0.8846153846153846,0.8070175438596491,26.0,269,919,],EfficientNetV2-S
0.45454545454545453,0.4807692307692308,0.4672897196261682,52.0,270,920,|,EfficientNetV2-S
0.5581395348837209,0.6486486486486487,0.6,37.0,271,921,\|,EfficientNetV2-S
0.8421052631578947,0.8888888888888888,0.8648648648648649,54.0,272,922,/,EfficientNetV2-S
0.918918918918919,0.8717948717948718,0.8947368421052632,78.0,273,923,\llbracket,EfficientNetV2-S
0.8823529411764706,0.8333333333333334,0.8571428571428571,18.0,274,924,\rrbracket,EfficientNetV2-S
0.9761904761904762,1.0,0.9879518072289156,41.0,275,934,\vdots,EfficientNetV2-S
0.975609756097561,1.0,0.9876543209876543,40.0,276,936,\ddots,EfficientNetV2-S
0.6666666666666666,0.13333333333333333,0.2222222222222222,15.0,277,941,\dotsc,EfficientNetV2-S
0.75,0.6623376623376623,0.7034482758620689,77.0,278,943,\aleph,EfficientNetV2-S
0.9429530201342282,0.9623287671232876,0.9525423728813559,292.0,279,944,\infty,EfficientNetV2-S
0.46153846153846156,0.4,0.42857142857142855,15.0,280,945,\prime,EfficientNetV2-S
0.75,0.75,0.75,24.0,281,946,\angle,EfficientNetV2-S
0.75,0.25,0.375,12.0,282,947,\diamondsuit,EfficientNetV2-S
0.7142857142857143,0.4166666666666667,0.5263157894736842,24.0,283,948,\sharp,EfficientNetV2-S
0.3888888888888889,0.2692307692307692,0.3181818181818182,26.0,284,949,\backslash,EfficientNetV2-S
0.48412698412698413,0.6421052631578947,0.5520361990950227,95.0,285,950,\emptyset,EfficientNetV2-S
0.852112676056338,0.9918032786885246,0.9166666666666666,122.0,286,951,\nabla,EfficientNetV2-S
0.6470588235294118,0.8461538461538461,0.7333333333333333,13.0,287,953,\flat,EfficientNetV2-S
0.896551724137931,0.9285714285714286,0.9122807017543859,28.0,288,956,\clubsuit,EfficientNetV2-S
0.9634146341463414,0.8681318681318682,0.9132947976878613,91.0,289,957,\heartsuit,EfficientNetV2-S
0.9655172413793104,0.9882352941176471,0.9767441860465116,85.0,290,958,\neg,EfficientNetV2-S
0.0,0.0,0.0,32.0,291,959,\triangle,EfficientNetV2-S
0.89,0.9081632653061225,0.898989898989899,98.0,292,960,\sqrt{},EfficientNetV2-S
0.7142857142857143,0.9090909090909091,0.8,11.0,293,965,\sphericalangle,EfficientNetV2-S
0.9800995024875622,0.9036697247706422,0.9403341288782816,218.0,294,968,\square,EfficientNetV2-S
0.0,0.0,0.0,20.0,295,971,\triangledown,EfficientNetV2-S
0.9512195121951219,0.9512195121951219,0.9512195121951219,41.0,296,972,\blacksquare,EfficientNetV2-S
0.5625,0.5625,0.5625,16.0,297,973,\lozenge,EfficientNetV2-S
0.27906976744186046,0.2553191489361702,0.26666666666666666,47.0,298,974,\varnothing,EfficientNetV2-S
0.0,0.0,0.0,12.0,299,977,\vartriangle,EfficientNetV2-S
1.0,0.9166666666666666,0.9565217391304348,24.0,300,992,\iddots,EfficientNetV2-S
0.7857142857142857,0.6111111111111112,0.6875,36.0,301,993,\mathcal{A},EfficientNetV2-S
0.6,0.375,0.46153846153846156,16.0,302,994,\mathcal{B},EfficientNetV2-S
0.6666666666666666,0.42105263157894735,0.5161290322580645,19.0,303,995,\mathcal{C},EfficientNetV2-S
0.5555555555555556,0.23809523809523808,0.3333333333333333,21.0,304,996,\mathcal{D},EfficientNetV2-S
0.5,0.13793103448275862,0.21621621621621623,29.0,305,997,\mathcal{E},EfficientNetV2-S
0.6904761904761905,0.725,0.7073170731707317,40.0,306,998,\mathcal{F},EfficientNetV2-S
0.6666666666666666,0.5,0.5714285714285714,12.0,307,999,\mathcal{G},EfficientNetV2-S
0.6666666666666666,0.8,0.7272727272727273,25.0,308,1000,\mathcal{H},EfficientNetV2-S
0.864406779661017,0.68,0.7611940298507462,75.0,309,1004,\mathcal{L},EfficientNetV2-S
0.5666666666666667,0.7391304347826086,0.6415094339622641,23.0,310,1005,\mathcal{M},EfficientNetV2-S
0.75,0.7272727272727273,0.7384615384615385,33.0,311,1006,\mathcal{N},EfficientNetV2-S
0.7142857142857143,0.5747126436781609,0.6369426751592356,87.0,312,1007,\mathcal{O},EfficientNetV2-S
0.7941176470588235,0.7297297297297297,0.7605633802816901,37.0,313,1008,\mathcal{P},EfficientNetV2-S
0.5,0.4375,0.4666666666666667,16.0,314,1010,\mathcal{R},EfficientNetV2-S
0.5789473684210527,0.5789473684210527,0.5789473684210527,19.0,315,1011,\mathcal{S},EfficientNetV2-S
0.4444444444444444,0.21052631578947367,0.2857142857142857,19.0,316,1012,\mathcal{T},EfficientNetV2-S
0.5,0.5833333333333334,0.5384615384615384,12.0,317,1013,\mathcal{U},EfficientNetV2-S
0.25,0.15384615384615385,0.19047619047619047,13.0,318,1016,\mathcal{X},EfficientNetV2-S
0.42857142857142855,0.375,0.4,16.0,319,1018,\mathcal{Z},EfficientNetV2-S
0.8,0.5,0.6153846153846154,16.0,320,1019,\mathfrak{A},EfficientNetV2-S
0.8888888888888888,0.7272727272727273,0.8,11.0,321,1031,\mathfrak{M},EfficientNetV2-S
0.8333333333333334,0.6521739130434783,0.7317073170731707,23.0,322,1037,\mathfrak{S},EfficientNetV2-S
0.9090909090909091,0.8333333333333334,0.8695652173913043,12.0,323,1042,\mathfrak{X},EfficientNetV2-S
0.7019230769230769,0.7684210526315789,0.7336683417085427,95.0,324,1045,\mathbb{1},EfficientNetV2-S
0.25,0.15625,0.19230769230769232,32.0,325,1046,\mathds{1},EfficientNetV2-S
0.8974358974358975,0.8333333333333334,0.8641975308641975,42.0,326,1051,\mathds{C},EfficientNetV2-S
0.8181818181818182,0.8571428571428571,0.8372093023255814,21.0,327,1053,\mathds{E},EfficientNetV2-S
0.8846153846153846,0.9019607843137255,0.8932038834951457,102.0,328,1062,\mathds{N},EfficientNetV2-S
0.8421052631578947,0.8,0.8205128205128205,20.0,329,1064,\mathds{P},EfficientNetV2-S
0.6285714285714286,0.9565217391304348,0.7586206896551724,23.0,330,1065,\mathds{Q},EfficientNetV2-S
0.9416666666666667,0.9495798319327731,0.9456066945606695,238.0,331,1066,\mathds{R},EfficientNetV2-S
0.9166666666666666,0.8712871287128713,0.8934010152284264,101.0,332,1074,\mathds{Z},EfficientNetV2-S
0.55,0.5789473684210527,0.5641025641025641,19.0,333,1075,\mathscr{A},EfficientNetV2-S
0.6190476190476191,0.5909090909090909,0.6046511627906976,22.0,334,1077,\mathscr{C},EfficientNetV2-S
0.75,0.6428571428571429,0.6923076923076923,14.0,335,1078,\mathscr{D},EfficientNetV2-S
0.8,0.36363636363636365,0.5,11.0,336,1079,\mathscr{E},EfficientNetV2-S
0.5384615384615384,0.5,0.5185185185185185,14.0,337,1080,\mathscr{F},EfficientNetV2-S
0.6,0.7142857142857143,0.6521739130434783,21.0,338,1082,\mathscr{H},EfficientNetV2-S
0.8170731707317073,0.8271604938271605,0.8220858895705522,81.0,339,1086,\mathscr{L},EfficientNetV2-S
0.6666666666666666,0.3333333333333333,0.4444444444444444,12.0,340,1090,\mathscr{P},EfficientNetV2-S
0.6111111111111112,0.55,0.5789473684210527,20.0,341,1093,\mathscr{S},EfficientNetV2-S
0.9142857142857143,0.9696969696969697,0.9411764705882353,33.0,342,1101,\celsius,EfficientNetV2-S
0.4074074074074074,0.16176470588235295,0.23157894736842105,68.0,343,1102,\degree,EfficientNetV2-S
0.34210526315789475,0.3939393939393939,0.36619718309859156,33.0,344,1103,\ohm,EfficientNetV2-S
0.47619047619047616,0.7692307692307693,0.5882352941176471,13.0,345,1111,\venus,EfficientNetV2-S
0.5757575757575758,0.8260869565217391,0.6785714285714286,23.0,346,1112,\mars,EfficientNetV2-S
0.0,0.0,0.0,30.0,347,1115,\astrosun,EfficientNetV2-S
0.0,0.0,0.0,15.0,348,1116,\fullmoon,EfficientNetV2-S
1.0,0.8181818181818182,0.9,11.0,349,1117,\leftmoon,EfficientNetV2-S
0.3333333333333333,0.1111111111111111,0.16666666666666666,18.0,350,1168,\female,EfficientNetV2-S
0.625,0.5263157894736842,0.5714285714285714,38.0,351,1169,\male,EfficientNetV2-S
0.0,0.0,0.0,28.0,352,1177,\checked,EfficientNetV2-S
0.2,0.15,0.17142857142857143,20.0,353,1184,\diameter,EfficientNetV2-S
0.9411764705882353,0.9411764705882353,0.9411764705882353,17.0,354,1185,\sun,EfficientNetV2-S
0.4838709677419355,0.5555555555555556,0.5172413793103449,27.0,355,1187,\Bowtie,EfficientNetV2-S
0.0,0.0,0.0,6.0,356,1314,\mathbb{Q},EfficientNetV2-S
0.0,0.0,0.0,6.0,357,1315,\mathbb{N},EfficientNetV2-S
0.6666666666666666,0.5714285714285714,0.6153846153846154,7.0,358,1316,\mathbb{Z},EfficientNetV2-S
0.7,0.875,0.7777777777777778,8.0,359,1317,\mathbb{H},EfficientNetV2-S
0.35714285714285715,0.4166666666666667,0.38461538461538464,24.0,360,1369,\ss,EfficientNetV2-S
0.8333333333333334,0.8333333333333334,0.8333333333333334,24.0,361,1371,\aa,EfficientNetV2-S
0.8,0.8,0.8,10.0,362,1374,\L,EfficientNetV2-S
0.8705882352941177,0.9736842105263158,0.9192546583850931,76.0,363,1382,\AA,EfficientNetV2-S
0.0,0.0,0.0,24.0,364,1385,\O,EfficientNetV2-S
0.2,0.1875,0.1935483870967742,32.0,365,1394,\o,EfficientNetV2-S
0.7333333333333333,0.7586206896551724,0.7457627118644068,29.0,366,1395,\ae,EfficientNetV2-S
1.0,0.8,0.8888888888888888,15.0,367,1396,\AE,EfficientNetV2-S
0.75,0.8181818181818182,0.782608695652174,11.0,368,1400,\guillemotleft,EfficientNetV2-S
0.7,0.875,0.7777777777777778,16.0,0,31,A,ConvNeXt-Tiny
0.75,0.42857142857142855,0.5454545454545454,7.0,1,32,B,ConvNeXt-Tiny
0.36,0.6428571428571429,0.46153846153846156,14.0,2,33,C,ConvNeXt-Tiny
0.3333333333333333,0.8333333333333334,0.47619047619047616,6.0,3,34,D,ConvNeXt-Tiny
0.3,0.5,0.375,6.0,4,35,E,ConvNeXt-Tiny
0.75,1.0,0.8571428571428571,6.0,5,36,F,ConvNeXt-Tiny
0.8181818181818182,0.75,0.782608695652174,12.0,6,37,G,ConvNeXt-Tiny
0.75,0.8571428571428571,0.8,7.0,7,38,H,ConvNeXt-Tiny
0.5333333333333333,0.8,0.64,10.0,8,39,I,ConvNeXt-Tiny
0.8181818181818182,0.8181818181818182,0.8181818181818182,11.0,9,40,J,ConvNeXt-Tiny
0.9,0.9,0.9,10.0,10,41,K,ConvNeXt-Tiny
0.6428571428571429,0.75,0.6923076923076923,12.0,11,42,L,ConvNeXt-Tiny
1.0,0.6666666666666666,0.8,12.0,12,43,M,ConvNeXt-Tiny
0.5833333333333334,0.6363636363636364,0.6086956521739131,11.0,13,44,N,ConvNeXt-Tiny
0.0,0.0,0.0,9.0,14,45,O,ConvNeXt-Tiny
0.35714285714285715,0.625,0.45454545454545453,8.0,15,46,P,ConvNeXt-Tiny
0.8333333333333334,0.7142857142857143,0.7692307692307693,7.0,16,47,Q,ConvNeXt-Tiny
0.6363636363636364,0.7777777777777778,0.7,9.0,17,48,R,ConvNeXt-Tiny
1.0,0.42857142857142855,0.6,7.0,18,49,S,ConvNeXt-Tiny
0.3333333333333333,0.16666666666666666,0.2222222222222222,6.0,19,50,T,ConvNeXt-Tiny
0.0,0.0,0.0,6.0,20,51,U,ConvNeXt-Tiny
0.17647058823529413,0.5,0.2608695652173913,6.0,21,52,V,ConvNeXt-Tiny
0.6666666666666666,0.2857142857142857,0.4,7.0,22,53,W,ConvNeXt-Tiny
0.0,0.0,0.0,6.0,23,54,X,ConvNeXt-Tiny
0.4,0.6666666666666666,0.5,6.0,24,55,Y,ConvNeXt-Tiny
0.4,0.8571428571428571,0.5454545454545454,7.0,25,56,Z,ConvNeXt-Tiny
0.6159420289855072,0.794392523364486,0.6938775510204082,107.0,26,59,\rightarrow,ConvNeXt-Tiny
0.3684210526315789,0.5,0.42424242424242425,14.0,27,70,0,ConvNeXt-Tiny
0.4117647058823529,0.5833333333333334,0.4827586206896552,12.0,28,71,1,ConvNeXt-Tiny
0.75,0.6923076923076923,0.72,13.0,29,72,2,ConvNeXt-Tiny
0.625,0.4166666666666667,0.5,12.0,30,73,3,ConvNeXt-Tiny
0.3684210526315789,1.0,0.5384615384615384,7.0,31,74,4,ConvNeXt-Tiny
0.6363636363636364,0.875,0.7368421052631579,8.0,32,75,5,ConvNeXt-Tiny
0.5555555555555556,0.5,0.5263157894736842,10.0,33,76,6,ConvNeXt-Tiny
0.7777777777777778,0.875,0.8235294117647058,8.0,34,77,7,ConvNeXt-Tiny
0.6363636363636364,0.5384615384615384,0.5833333333333334,13.0,35,78,8,ConvNeXt-Tiny
0.6363636363636364,0.7777777777777778,0.7,9.0,36,79,9,ConvNeXt-Tiny
0.8285714285714286,0.7532467532467533,0.7891156462585034,154.0,37,81,\pi,ConvNeXt-Tiny
0.7787234042553192,0.7011494252873564,0.7379032258064516,261.0,38,82,\alpha,ConvNeXt-Tiny
0.7727272727272727,0.8947368421052632,0.8292682926829268,114.0,39,87,\beta,ConvNeXt-Tiny
0.6584699453551912,0.7088235294117647,0.6827195467422096,340.0,40,88,\sum,ConvNeXt-Tiny
0.8773584905660378,0.8230088495575221,0.8493150684931506,113.0,41,89,\sigma,ConvNeXt-Tiny
0.4666666666666667,0.7777777777777778,0.5833333333333334,9.0,42,90,a,ConvNeXt-Tiny
0.25,0.16666666666666666,0.2,6.0,43,91,b,ConvNeXt-Tiny
0.3333333333333333,0.14285714285714285,0.2,7.0,44,92,c,ConvNeXt-Tiny
0.3,0.5,0.375,6.0,45,93,d,ConvNeXt-Tiny
0.45454545454545453,0.7142857142857143,0.5555555555555556,7.0,46,94,e,ConvNeXt-Tiny
0.5,0.42857142857142855,0.46153846153846156,7.0,47,95,f,ConvNeXt-Tiny
0.2,0.16666666666666666,0.18181818181818182,6.0,48,96,g,ConvNeXt-Tiny
0.6666666666666666,0.6666666666666666,0.6666666666666666,6.0,49,97,h,ConvNeXt-Tiny
0.5555555555555556,0.8333333333333334,0.6666666666666666,6.0,50,98,i,ConvNeXt-Tiny
0.5555555555555556,0.8333333333333334,0.6666666666666666,6.0,51,99,j,ConvNeXt-Tiny
1.0,0.6666666666666666,0.8,6.0,52,100,k,ConvNeXt-Tiny
0.0,0.0,0.0,6.0,53,101,l,ConvNeXt-Tiny
0.6666666666666666,0.6666666666666666,0.6666666666666666,6.0,54,102,m,ConvNeXt-Tiny
0.46153846153846156,0.8571428571428571,0.6,7.0,55,103,n,ConvNeXt-Tiny
0.0,0.0,0.0,7.0,56,104,o,ConvNeXt-Tiny
1.0,0.3333333333333333,0.5,6.0,57,105,p,ConvNeXt-Tiny
0.6666666666666666,0.5714285714285714,0.6153846153846154,7.0,58,106,q,ConvNeXt-Tiny
0.4,0.5714285714285714,0.47058823529411764,7.0,59,107,r,ConvNeXt-Tiny
0.0,0.0,0.0,6.0,60,108,s,ConvNeXt-Tiny
0.2857142857142857,0.3333333333333333,0.3076923076923077,6.0,61,110,u,ConvNeXt-Tiny
0.1111111111111111,0.14285714285714285,0.125,7.0,62,111,v,ConvNeXt-Tiny
0.2857142857142857,0.6666666666666666,0.4,6.0,63,112,w,ConvNeXt-Tiny
0.16666666666666666,0.14285714285714285,0.15384615384615385,7.0,64,113,x,ConvNeXt-Tiny
0.4,0.3333333333333333,0.36363636363636365,6.0,65,114,y,ConvNeXt-Tiny
0.0,0.0,0.0,6.0,66,115,z,ConvNeXt-Tiny
0.44666666666666666,0.3507853403141361,0.39296187683284456,191.0,67,116,\Sigma,ConvNeXt-Tiny
0.9550561797752809,0.7456140350877193,0.8374384236453202,114.0,68,117,\gamma,ConvNeXt-Tiny
0.7903225806451613,0.7777777777777778,0.784,63.0,69,150,\Gamma,ConvNeXt-Tiny
0.8524590163934426,0.832,0.8421052631578947,125.0,70,151,\delta,ConvNeXt-Tiny
0.6759259259259259,0.73,0.7019230769230769,100.0,71,152,\Delta,ConvNeXt-Tiny
0.7721518987341772,0.6931818181818182,0.7305389221556886,88.0,72,153,\zeta,ConvNeXt-Tiny
0.7763157894736842,0.855072463768116,0.8137931034482758,69.0,73,154,\eta,ConvNeXt-Tiny
0.6885245901639344,0.6363636363636364,0.6614173228346457,66.0,74,155,\theta,ConvNeXt-Tiny
0.65,0.5531914893617021,0.5977011494252874,47.0,75,156,\Theta,ConvNeXt-Tiny
0.24242424242424243,0.14545454545454545,0.18181818181818182,55.0,76,157,\epsilon,ConvNeXt-Tiny
0.5454545454545454,0.56,0.5526315789473685,75.0,77,158,\varepsilon,ConvNeXt-Tiny
0.5714285714285714,0.75,0.6486486486486487,16.0,78,159,\iota,ConvNeXt-Tiny
0.6,0.6923076923076923,0.6428571428571429,26.0,79,160,\kappa,ConvNeXt-Tiny
0.4444444444444444,0.26666666666666666,0.3333333333333333,15.0,80,161,\varkappa,ConvNeXt-Tiny
0.9108910891089109,0.92,0.9154228855721394,100.0,81,162,\lambda,ConvNeXt-Tiny
0.5454545454545454,0.5333333333333333,0.5393258426966292,45.0,82,163,\Lambda,ConvNeXt-Tiny
0.8512396694214877,0.8956521739130435,0.8728813559322034,115.0,83,164,\mu,ConvNeXt-Tiny
0.6444444444444445,0.725,0.6823529411764706,40.0,84,165,\nu,ConvNeXt-Tiny
0.8530612244897959,0.8132295719844358,0.8326693227091634,257.0,85,166,\xi,ConvNeXt-Tiny
0.9,0.9,0.9,40.0,86,167,\Xi,ConvNeXt-Tiny
0.4032258064516129,0.3125,0.352112676056338,80.0,87,168,\Pi,ConvNeXt-Tiny
0.9152542372881356,0.7714285714285715,0.8372093023255814,70.0,88,169,\rho,ConvNeXt-Tiny
0.7368421052631579,0.6086956521739131,0.6666666666666666,23.0,89,170,\varrho,ConvNeXt-Tiny
0.7142857142857143,0.3488372093023256,0.46875,43.0,90,171,\tau,ConvNeXt-Tiny
0.59375,0.5507246376811594,0.5714285714285714,69.0,91,174,\phi,ConvNeXt-Tiny
0.8367346938775511,0.6721311475409836,0.7454545454545455,61.0,92,175,\Phi,ConvNeXt-Tiny
0.9057971014492754,0.8169934640522876,0.8591065292096219,153.0,93,176,\varphi,ConvNeXt-Tiny
0.723404255319149,0.7311827956989247,0.7272727272727273,93.0,94,177,\chi,ConvNeXt-Tiny
0.5625,0.47368421052631576,0.5142857142857142,57.0,95,178,\psi,ConvNeXt-Tiny
0.515625,0.7333333333333333,0.6055045871559633,45.0,96,179,\Psi,ConvNeXt-Tiny
0.8169014084507042,0.90625,0.8592592592592593,64.0,97,180,\omega,ConvNeXt-Tiny
0.7761194029850746,0.6265060240963856,0.6933333333333334,83.0,98,181,\Omega,ConvNeXt-Tiny
0.9230769230769231,0.8925619834710744,0.907563025210084,242.0,99,182,\partial,ConvNeXt-Tiny
0.9008264462809917,0.9289772727272727,0.9146853146853147,352.0,100,183,\int,ConvNeXt-Tiny
0.7555555555555555,0.8947368421052632,0.8192771084337349,76.0,101,184,\cdot,ConvNeXt-Tiny
0.84375,0.5094339622641509,0.6352941176470588,106.0,102,185,\leq,ConvNeXt-Tiny
0.6893203883495146,0.8160919540229885,0.7473684210526316,87.0,103,186,\geq,ConvNeXt-Tiny
0.24324324324324326,0.75,0.3673469387755102,12.0,104,187,<,ConvNeXt-Tiny
0.46153846153846156,0.5454545454545454,0.5,11.0,105,188,>,ConvNeXt-Tiny
0.7764705882352941,0.8461538461538461,0.8098159509202454,78.0,106,189,\subset,ConvNeXt-Tiny
0.9761904761904762,0.9761904761904762,0.9761904761904762,42.0,107,190,\supset,ConvNeXt-Tiny
0.9791666666666666,0.8924050632911392,0.9337748344370861,158.0,108,191,\subseteq,ConvNeXt-Tiny
0.918918918918919,0.8292682926829268,0.8717948717948718,41.0,109,192,\supseteq,ConvNeXt-Tiny
0.9848484848484849,0.9285714285714286,0.9558823529411765,140.0,110,193,\cong,ConvNeXt-Tiny
0.5357142857142857,0.6474820143884892,0.5863192182410424,139.0,111,194,\propto,ConvNeXt-Tiny
0.75,1.0,0.8571428571428571,12.0,112,195,-,ConvNeXt-Tiny
0.8888888888888888,0.8888888888888888,0.8888888888888888,9.0,113,196,+,ConvNeXt-Tiny
0.0,0.0,0.0,6.0,114,197,\mathbb{R},ConvNeXt-Tiny
0.7619047619047619,0.8205128205128205,0.7901234567901234,39.0,115,254,\$,ConvNeXt-Tiny
0.6101694915254238,0.9473684210526315,0.7422680412371134,114.0,116,257,\{,ConvNeXt-Tiny
0.85,0.68,0.7555555555555555,25.0,117,259,\copyright,ConvNeXt-Tiny
0.55,0.7857142857142857,0.6470588235294118,14.0,118,260,\dots,ConvNeXt-Tiny
0.6956521739130435,0.48484848484848486,0.5714285714285714,33.0,119,261,\},ConvNeXt-Tiny
0.6956521739130435,0.45714285714285713,0.5517241379310345,35.0,120,262,\S,ConvNeXt-Tiny
0.8620689655172413,0.9615384615384616,0.9090909090909091,26.0,121,263,\dag,ConvNeXt-Tiny
0.8181818181818182,0.6,0.6923076923076923,15.0,122,264,\pounds,ConvNeXt-Tiny
0.7619047619047619,0.8682170542635659,0.8115942028985508,129.0,123,265,\&,ConvNeXt-Tiny
0.8761061946902655,0.9252336448598131,0.9,107.0,124,266,\#,ConvNeXt-Tiny
0.9651162790697675,0.9325842696629213,0.9485714285714286,89.0,125,267,\%,ConvNeXt-Tiny
0.7047619047619048,0.8409090909090909,0.7668393782383419,88.0,126,268,\checkmark,ConvNeXt-Tiny
0.625,0.8333333333333334,0.7142857142857143,12.0,127,269,\circledR,ConvNeXt-Tiny
0.16666666666666666,0.07692307692307693,0.10526315789473684,13.0,128,508,\mathsection,ConvNeXt-Tiny
0.4666666666666667,0.3684210526315789,0.4117647058823529,19.0,129,510,\amalg,ConvNeXt-Tiny
0.967741935483871,0.967741935483871,0.967741935483871,93.0,130,511,\cup,ConvNeXt-Tiny
0.9444444444444444,0.8880597014925373,0.9153846153846154,134.0,131,512,\oplus,ConvNeXt-Tiny
0.8780487804878049,0.9536423841059603,0.9142857142857143,151.0,132,513,\times,ConvNeXt-Tiny
1.0,0.9642857142857143,0.9818181818181818,56.0,133,514,\ast,ConvNeXt-Tiny
0.5263157894736842,0.7142857142857143,0.6060606060606061,14.0,134,517,\triangleleft,ConvNeXt-Tiny
0.9333333333333333,0.9074074074074074,0.92018779342723,108.0,135,520,\otimes,ConvNeXt-Tiny
0.8125,0.8125,0.8125,16.0,136,521,\triangleright,ConvNeXt-Tiny
0.5789473684210527,0.88,0.6984126984126984,25.0,137,523,\diamond,ConvNeXt-Tiny
0.9673202614379085,0.9673202614379085,0.9673202614379085,153.0,138,524,\pm,ConvNeXt-Tiny
0.918918918918919,1.0,0.9577464788732394,34.0,139,526,\div,ConvNeXt-Tiny
0.7037037037037037,0.5428571428571428,0.6129032258064516,35.0,140,527,\bullet,ConvNeXt-Tiny
0.625,0.38461538461538464,0.47619047619047616,52.0,141,528,\setminus,ConvNeXt-Tiny
0.95,1.0,0.9743589743589743,19.0,142,529,\uplus,ConvNeXt-Tiny
0.9629629629629629,0.9454545454545454,0.9541284403669725,110.0,143,530,\cap,ConvNeXt-Tiny
0.8461538461538461,0.9166666666666666,0.88,12.0,144,531,\mp,ConvNeXt-Tiny
0.34285714285714286,0.8,0.48,15.0,145,532,\sqcap,ConvNeXt-Tiny
0.8,0.735632183908046,0.7664670658682635,87.0,146,533,\vee,ConvNeXt-Tiny
0.6619718309859155,0.9591836734693877,0.7833333333333333,49.0,147,534,\odot,ConvNeXt-Tiny
0.8333333333333334,0.9259259259259259,0.8771929824561403,27.0,148,535,\sqcup,ConvNeXt-Tiny
0.8552631578947368,0.8904109589041096,0.87248322147651,146.0,149,536,\wedge,ConvNeXt-Tiny
0.43478260869565216,0.40816326530612246,0.42105263157894735,98.0,150,537,\circ,ConvNeXt-Tiny
0.4117647058823529,0.6363636363636364,0.5,11.0,151,538,\ominus,ConvNeXt-Tiny
0.8571428571428571,0.8888888888888888,0.8727272727272727,27.0,152,539,\star,ConvNeXt-Tiny
1.0,0.5,0.6666666666666666,6.0,153,540,\wr,ConvNeXt-Tiny
0.9166666666666666,1.0,0.9565217391304348,11.0,154,541,\barwedge,ConvNeXt-Tiny
0.5217391304347826,1.0,0.6857142857142857,12.0,155,542,\circledcirc,ConvNeXt-Tiny
0.8666666666666667,1.0,0.9285714285714286,13.0,156,544,\boxdot,ConvNeXt-Tiny
0.9,0.782608695652174,0.8372093023255814,23.0,157,549,\ltimes,ConvNeXt-Tiny
0.9166666666666666,1.0,0.9565217391304348,11.0,158,550,\boxplus,ConvNeXt-Tiny
0.8148148148148148,1.0,0.8979591836734694,22.0,159,553,\boxtimes,ConvNeXt-Tiny
0.7931034482758621,0.8518518518518519,0.8214285714285714,27.0,160,555,\rtimes,ConvNeXt-Tiny
0.7857142857142857,0.9166666666666666,0.8461538461538461,12.0,161,562,\circledast,ConvNeXt-Tiny
0.5555555555555556,0.45454545454545453,0.5,11.0,162,564,\lhd,ConvNeXt-Tiny
0.5645161290322581,0.625,0.5932203389830508,112.0,163,574,\prod,ConvNeXt-Tiny
0.47619047619047616,0.5882352941176471,0.5263157894736842,17.0,164,577,\coprod,ConvNeXt-Tiny
0.9327731092436975,0.9327731092436975,0.9327731092436975,119.0,165,582,\oint,ConvNeXt-Tiny
0.6363636363636364,0.7,0.6666666666666666,10.0,166,583,\parr,ConvNeXt-Tiny
0.6666666666666666,0.09523809523809523,0.16666666666666666,21.0,167,584,\with,ConvNeXt-Tiny
0.6,0.8,0.6857142857142857,30.0,168,591,\fint,ConvNeXt-Tiny
0.5,0.4,0.4444444444444444,15.0,169,595,\varoiint,ConvNeXt-Tiny
0.6923076923076923,0.84375,0.7605633802816901,32.0,170,600,\oiint,ConvNeXt-Tiny
0.9949748743718593,0.9658536585365853,0.9801980198019802,205.0,171,601,\approx,ConvNeXt-Tiny
0.9433962264150944,0.9920634920634921,0.9671179883945842,252.0,172,603,\equiv,ConvNeXt-Tiny
0.7954545454545454,0.8974358974358975,0.8433734939759037,39.0,173,604,\not\equiv,ConvNeXt-Tiny
0.610738255033557,0.8198198198198198,0.7,111.0,174,605,\perp,ConvNeXt-Tiny
0.9230769230769231,0.8,0.8571428571428571,15.0,175,607,\asymp,ConvNeXt-Tiny
1.0,0.5555555555555556,0.7142857142857143,9.0,176,608,\frown,ConvNeXt-Tiny
0.86,0.8113207547169812,0.8349514563106796,53.0,177,609,\prec,ConvNeXt-Tiny
0.7555555555555555,0.918918918918919,0.8292682926829268,37.0,178,610,\succ,ConvNeXt-Tiny
0.6153846153846154,0.3333333333333333,0.43243243243243246,24.0,179,611,\bowtie,ConvNeXt-Tiny
0.7692307692307693,0.7142857142857143,0.7407407407407407,28.0,180,612,\preceq,ConvNeXt-Tiny
1.0,0.5238095238095238,0.6875,21.0,181,613,\succeq,ConvNeXt-Tiny
0.35,0.6176470588235294,0.44680851063829785,34.0,182,614,\mid,ConvNeXt-Tiny
0.99,0.9252336448598131,0.9565217391304348,107.0,183,615,\vdash,ConvNeXt-Tiny
1.0,0.8636363636363636,0.926829268292683,22.0,184,616,\dashv,ConvNeXt-Tiny
0.5192307692307693,0.5625,0.54,48.0,185,617,\models,ConvNeXt-Tiny
0.9455445544554455,0.9502487562189055,0.9478908188585607,201.0,186,618,\sim,ConvNeXt-Tiny
0.8181818181818182,1.0,0.9,18.0,187,620,\doteq,ConvNeXt-Tiny
0.7368421052631579,0.3888888888888889,0.509090909090909,36.0,188,621,\parallel,ConvNeXt-Tiny
0.9222222222222223,0.9431818181818182,0.9325842696629213,88.0,189,622,\simeq,ConvNeXt-Tiny
0.7142857142857143,0.3333333333333333,0.45454545454545453,15.0,190,630,\backsim,ConvNeXt-Tiny
0.8333333333333334,1.0,0.9090909090909091,10.0,191,631,\multimap,ConvNeXt-Tiny
0.9166666666666666,0.9166666666666666,0.9166666666666666,12.0,192,634,\pitchfork,ConvNeXt-Tiny
1.0,1.0,1.0,77.0,193,635,\therefore,ConvNeXt-Tiny
1.0,0.9545454545454546,0.9767441860465116,22.0,194,636,\because,ConvNeXt-Tiny
0.8888888888888888,0.8,0.8421052631578947,10.0,195,639,\between,ConvNeXt-Tiny
0.8461538461538461,0.5789473684210527,0.6875,19.0,196,640,\preccurlyeq,ConvNeXt-Tiny
0.0,0.0,0.0,14.0,197,644,\varpropto,ConvNeXt-Tiny
0.875,1.0,0.9333333333333333,14.0,198,647,\Vdash,ConvNeXt-Tiny
0.4418604651162791,0.41304347826086957,0.42696629213483145,46.0,199,650,\vDash,ConvNeXt-Tiny
0.8048780487804879,0.9428571428571428,0.868421052631579,35.0,200,661,\nmid,ConvNeXt-Tiny
0.7894736842105263,1.0,0.8823529411764706,15.0,201,671,\nvDash,ConvNeXt-Tiny
0.6923076923076923,0.9310344827586207,0.7941176470588235,29.0,202,678,\sqsubseteq,ConvNeXt-Tiny
0.7647058823529411,0.65,0.7027027027027027,20.0,203,679,\nsubseteq,ConvNeXt-Tiny
0.875,0.875,0.875,24.0,204,683,\subsetneq,ConvNeXt-Tiny
0.6923076923076923,0.9,0.782608695652174,10.0,205,684,\varsubsetneq,ConvNeXt-Tiny
0.9328859060402684,0.9084967320261438,0.9205298013245033,153.0,206,698,\neq,ConvNeXt-Tiny
0.6666666666666666,0.5806451612903226,0.6206896551724138,31.0,207,711,\geqslant,ConvNeXt-Tiny
0.8,0.8,0.8,10.0,208,712,\gtrless,ConvNeXt-Tiny
0.8,0.9230769230769231,0.8571428571428571,78.0,209,713,\lesssim,ConvNeXt-Tiny
0.828125,0.8153846153846154,0.8217054263565892,65.0,210,716,\gtrsim,ConvNeXt-Tiny
0.5272727272727272,0.725,0.6105263157894737,40.0,211,728,\leqslant,ConvNeXt-Tiny
0.875,0.8235294117647058,0.8484848484848485,17.0,212,739,\trianglelefteq,ConvNeXt-Tiny
1.0,1.0,1.0,6.0,213,741,\blacktriangleright,ConvNeXt-Tiny
0.9642857142857143,0.9473684210526315,0.9557522123893806,57.0,214,743,\triangleq,ConvNeXt-Tiny
0.7619047619047619,0.9411764705882353,0.8421052631578947,17.0,215,748,\Downarrow,ConvNeXt-Tiny
0.8260869565217391,0.9047619047619048,0.8636363636363636,21.0,216,751,\downarrow,ConvNeXt-Tiny
0.8315217391304348,0.8693181818181818,0.85,176.0,217,753,\Rightarrow,ConvNeXt-Tiny
0.9333333333333333,0.835820895522388,0.8818897637795275,67.0,218,756,\hookrightarrow,ConvNeXt-Tiny
0.3181818181818182,0.2916666666666667,0.30434782608695654,24.0,219,757,\Longleftrightarrow,ConvNeXt-Tiny
0.6818181818181818,1.0,0.8108108108108109,15.0,220,758,\searrow,ConvNeXt-Tiny
0.0,0.0,0.0,19.0,221,759,\longmapsto,ConvNeXt-Tiny
0.9411764705882353,0.7619047619047619,0.8421052631578947,21.0,222,761,\leftarrow,ConvNeXt-Tiny
0.25,0.14814814814814814,0.18604651162790697,27.0,223,762,\Longrightarrow,ConvNeXt-Tiny
0.9090909090909091,0.8695652173913043,0.8888888888888888,23.0,224,763,\uparrow,ConvNeXt-Tiny
0.65,0.9285714285714286,0.7647058823529411,14.0,225,764,\Leftarrow,ConvNeXt-Tiny
0.3333333333333333,0.04,0.07142857142857142,25.0,226,765,\longrightarrow,ConvNeXt-Tiny
0.84251968503937,0.8629032258064516,0.852589641434263,124.0,227,767,\Leftrightarrow,ConvNeXt-Tiny
0.7456140350877193,0.9239130434782609,0.8252427184466019,92.0,228,768,\mapsto,ConvNeXt-Tiny
0.8113207547169812,0.8431372549019608,0.8269230769230769,51.0,229,770,\leftrightarrow,ConvNeXt-Tiny
0.8333333333333334,0.9523809523809523,0.8888888888888888,21.0,230,771,\nearrow,ConvNeXt-Tiny
0.6071428571428571,0.8095238095238095,0.6938775510204082,21.0,231,775,\rightleftharpoons,ConvNeXt-Tiny
0.6551724137931034,0.8636363636363636,0.7450980392156863,22.0,232,777,\rightharpoonup,ConvNeXt-Tiny
0.7534246575342466,0.873015873015873,0.8088235294117647,63.0,233,778,\leadsto,ConvNeXt-Tiny
0.5909090909090909,0.7647058823529411,0.6666666666666666,17.0,234,783,\circlearrowleft,ConvNeXt-Tiny
0.5625,0.6923076923076923,0.6206896551724138,13.0,235,785,\rightleftarrows,ConvNeXt-Tiny
0.42857142857142855,0.21428571428571427,0.2857142857142857,14.0,236,786,\circlearrowright,ConvNeXt-Tiny
0.5454545454545454,0.8571428571428571,0.6666666666666666,14.0,237,788,\rightrightarrows,ConvNeXt-Tiny
0.5238095238095238,0.6111111111111112,0.5641025641025641,18.0,238,791,\rightsquigarrow,ConvNeXt-Tiny
0.6818181818181818,0.8823529411764706,0.7692307692307693,17.0,239,792,\curvearrowright,ConvNeXt-Tiny
0.7441860465116279,0.7619047619047619,0.7529411764705882,42.0,240,801,\twoheadrightarrow,ConvNeXt-Tiny
1.0,0.9,0.9473684210526315,10.0,241,809,\nRightarrow,ConvNeXt-Tiny
0.65,0.6842105263157895,0.6666666666666666,19.0,242,812,\nrightarrow,ConvNeXt-Tiny
0.9090909090909091,0.7142857142857143,0.8,14.0,243,817,\upharpoonright,ConvNeXt-Tiny
1.0,0.23076923076923078,0.375,13.0,244,822,\mapsfrom,ConvNeXt-Tiny
0.0,0.0,0.0,28.0,245,823,\shortrightarrow,ConvNeXt-Tiny
0.8490566037735849,0.8181818181818182,0.8333333333333334,55.0,246,827,\lightning,ConvNeXt-Tiny
0.7857142857142857,0.7586206896551724,0.7719298245614035,29.0,247,837,\vartheta,ConvNeXt-Tiny
0.7,0.9333333333333333,0.8,15.0,248,838,\varpi,ConvNeXt-Tiny
0.5,0.16216216216216217,0.24489795918367346,74.0,249,881,\bot,ConvNeXt-Tiny
0.9801980198019802,0.9252336448598131,0.9519230769230769,214.0,250,882,\forall,ConvNeXt-Tiny
0.8679245283018868,0.9387755102040817,0.9019607843137255,49.0,251,884,\ni,ConvNeXt-Tiny
0.7,0.8235294117647058,0.7567567567567568,34.0,252,885,\top,ConvNeXt-Tiny
0.8282828282828283,0.9010989010989011,0.8631578947368421,91.0,253,886,\ell,ConvNeXt-Tiny
0.8392857142857143,0.9038461538461539,0.8703703703703703,52.0,254,887,\hbar,ConvNeXt-Tiny
0.8663793103448276,0.8739130434782608,0.8701298701298701,230.0,255,888,\in,ConvNeXt-Tiny
0.8759124087591241,0.916030534351145,0.8955223880597015,131.0,256,889,\notin,ConvNeXt-Tiny
0.8333333333333334,0.6944444444444444,0.7575757575757576,36.0,257,890,\wp,ConvNeXt-Tiny
0.9621212121212122,0.900709219858156,0.9304029304029304,141.0,258,891,\exists,ConvNeXt-Tiny
0.42857142857142855,0.23076923076923078,0.3,13.0,259,892,\Im,ConvNeXt-Tiny
0.3333333333333333,0.45,0.3829787234042553,20.0,260,894,\Re,ConvNeXt-Tiny
0.6326530612244898,0.96875,0.7654320987654321,32.0,261,901,\nexists,ConvNeXt-Tiny
0.8904109589041096,0.8441558441558441,0.8666666666666667,77.0,262,912,\langle,ConvNeXt-Tiny
0.8,0.5,0.6153846153846154,16.0,263,913,\rangle,ConvNeXt-Tiny
0.6,0.6857142857142857,0.64,35.0,264,914,\lceil,ConvNeXt-Tiny
1.0,0.7777777777777778,0.875,18.0,265,915,\rceil,ConvNeXt-Tiny
0.84375,0.6428571428571429,0.7297297297297297,42.0,266,916,\lfloor,ConvNeXt-Tiny
0.3888888888888889,0.4666666666666667,0.42424242424242425,15.0,267,917,\rfloor,ConvNeXt-Tiny
0.7922077922077922,0.6630434782608695,0.7218934911242604,92.0,268,918,[,ConvNeXt-Tiny
0.8518518518518519,0.8846153846153846,0.8679245283018868,26.0,269,919,],ConvNeXt-Tiny
0.5609756097560976,0.4423076923076923,0.4946236559139785,52.0,270,920,|,ConvNeXt-Tiny
0.5294117647058824,0.7297297297297297,0.6136363636363636,37.0,271,921,\|,ConvNeXt-Tiny
0.8166666666666667,0.9074074074074074,0.8596491228070176,54.0,272,922,/,ConvNeXt-Tiny
0.7954545454545454,0.8974358974358975,0.8433734939759037,78.0,273,923,\llbracket,ConvNeXt-Tiny
0.8666666666666667,0.7222222222222222,0.7878787878787878,18.0,274,924,\rrbracket,ConvNeXt-Tiny
0.9761904761904762,1.0,0.9879518072289156,41.0,275,934,\vdots,ConvNeXt-Tiny
0.925,0.925,0.925,40.0,276,936,\ddots,ConvNeXt-Tiny
0.4,0.13333333333333333,0.2,15.0,277,941,\dotsc,ConvNeXt-Tiny
0.6746987951807228,0.7272727272727273,0.7,77.0,278,943,\aleph,ConvNeXt-Tiny
0.9663299663299664,0.9828767123287672,0.9745331069609507,292.0,279,944,\infty,ConvNeXt-Tiny
0.7272727272727273,0.5333333333333333,0.6153846153846154,15.0,280,945,\prime,ConvNeXt-Tiny
0.6785714285714286,0.7916666666666666,0.7307692307692307,24.0,281,946,\angle,ConvNeXt-Tiny
0.6,0.25,0.35294117647058826,12.0,282,947,\diamondsuit,ConvNeXt-Tiny
0.6,0.625,0.6122448979591837,24.0,283,948,\sharp,ConvNeXt-Tiny
0.3023255813953488,0.5,0.37681159420289856,26.0,284,949,\backslash,ConvNeXt-Tiny
0.46853146853146854,0.7052631578947368,0.5630252100840336,95.0,285,950,\emptyset,ConvNeXt-Tiny
0.8489208633093526,0.9672131147540983,0.9042145593869731,122.0,286,951,\nabla,ConvNeXt-Tiny
0.7777777777777778,0.5384615384615384,0.6363636363636364,13.0,287,953,\flat,ConvNeXt-Tiny
0.8125,0.9285714285714286,0.8666666666666667,28.0,288,956,\clubsuit,ConvNeXt-Tiny
0.967032967032967,0.967032967032967,0.967032967032967,91.0,289,957,\heartsuit,ConvNeXt-Tiny
0.8723404255319149,0.9647058823529412,0.9162011173184358,85.0,290,958,\neg,ConvNeXt-Tiny
0.21212121212121213,0.21875,0.2153846153846154,32.0,291,959,\triangle,ConvNeXt-Tiny
0.9139784946236559,0.8673469387755102,0.8900523560209425,98.0,292,960,\sqrt{},ConvNeXt-Tiny
1.0,0.8181818181818182,0.9,11.0,293,965,\sphericalangle,ConvNeXt-Tiny
0.9707317073170731,0.9128440366972477,0.9408983451536643,218.0,294,968,\square,ConvNeXt-Tiny
0.25,0.05,0.08333333333333333,20.0,295,971,\triangledown,ConvNeXt-Tiny
0.9285714285714286,0.9512195121951219,0.9397590361445783,41.0,296,972,\blacksquare,ConvNeXt-Tiny
0.5714285714285714,0.5,0.5333333333333333,16.0,297,973,\lozenge,ConvNeXt-Tiny
0.28,0.14893617021276595,0.19444444444444445,47.0,298,974,\varnothing,ConvNeXt-Tiny
0.0,0.0,0.0,12.0,299,977,\vartriangle,ConvNeXt-Tiny
0.8148148148148148,0.9166666666666666,0.8627450980392157,24.0,300,992,\iddots,ConvNeXt-Tiny
0.6470588235294118,0.6111111111111112,0.6285714285714286,36.0,301,993,\mathcal{A},ConvNeXt-Tiny
0.625,0.625,0.625,16.0,302,994,\mathcal{B},ConvNeXt-Tiny
0.5714285714285714,0.42105263157894735,0.48484848484848486,19.0,303,995,\mathcal{C},ConvNeXt-Tiny
0.5,0.3333333333333333,0.4,21.0,304,996,\mathcal{D},ConvNeXt-Tiny
0.29411764705882354,0.3448275862068966,0.31746031746031744,29.0,305,997,\mathcal{E},ConvNeXt-Tiny
0.5714285714285714,0.8,0.6666666666666666,40.0,306,998,\mathcal{F},ConvNeXt-Tiny
0.75,0.5,0.6,12.0,307,999,\mathcal{G},ConvNeXt-Tiny
0.6052631578947368,0.92,0.7301587301587301,25.0,308,1000,\mathcal{H},ConvNeXt-Tiny
0.8333333333333334,0.6666666666666666,0.7407407407407407,75.0,309,1004,\mathcal{L},ConvNeXt-Tiny
0.5862068965517241,0.7391304347826086,0.6538461538461539,23.0,310,1005,\mathcal{M},ConvNeXt-Tiny
0.8695652173913043,0.6060606060606061,0.7142857142857143,33.0,311,1006,\mathcal{N},ConvNeXt-Tiny
0.7671232876712328,0.6436781609195402,0.7,87.0,312,1007,\mathcal{O},ConvNeXt-Tiny
0.6818181818181818,0.8108108108108109,0.7407407407407407,37.0,313,1008,\mathcal{P},ConvNeXt-Tiny
0.375,0.1875,0.25,16.0,314,1010,\mathcal{R},ConvNeXt-Tiny
0.47619047619047616,0.5263157894736842,0.5,19.0,315,1011,\mathcal{S},ConvNeXt-Tiny
0.3,0.3157894736842105,0.3076923076923077,19.0,316,1012,\mathcal{T},ConvNeXt-Tiny
0.4117647058823529,0.5833333333333334,0.4827586206896552,12.0,317,1013,\mathcal{U},ConvNeXt-Tiny
0.26666666666666666,0.3076923076923077,0.2857142857142857,13.0,318,1016,\mathcal{X},ConvNeXt-Tiny
0.5,0.4375,0.4666666666666667,16.0,319,1018,\mathcal{Z},ConvNeXt-Tiny
0.8333333333333334,0.625,0.7142857142857143,16.0,320,1019,\mathfrak{A},ConvNeXt-Tiny
0.9,0.8181818181818182,0.8571428571428571,11.0,321,1031,\mathfrak{M},ConvNeXt-Tiny
0.6842105263157895,0.5652173913043478,0.6190476190476191,23.0,322,1037,\mathfrak{S},ConvNeXt-Tiny
1.0,0.8333333333333334,0.9090909090909091,12.0,323,1042,\mathfrak{X},ConvNeXt-Tiny
0.7256637168141593,0.8631578947368421,0.7884615384615384,95.0,324,1045,\mathbb{1},ConvNeXt-Tiny
0.3333333333333333,0.0625,0.10526315789473684,32.0,325,1046,\mathds{1},ConvNeXt-Tiny
0.8048780487804879,0.7857142857142857,0.7951807228915663,42.0,326,1051,\mathds{C},ConvNeXt-Tiny
0.5333333333333333,0.7619047619047619,0.6274509803921569,21.0,327,1053,\mathds{E},ConvNeXt-Tiny
0.8679245283018868,0.9019607843137255,0.8846153846153846,102.0,328,1062,\mathds{N},ConvNeXt-Tiny
0.7142857142857143,0.75,0.7317073170731707,20.0,329,1064,\mathds{P},ConvNeXt-Tiny
0.5714285714285714,0.6956521739130435,0.6274509803921569,23.0,330,1065,\mathds{Q},ConvNeXt-Tiny
0.9594594594594594,0.8949579831932774,0.9260869565217391,238.0,331,1066,\mathds{R},ConvNeXt-Tiny
0.8823529411764706,0.8910891089108911,0.8866995073891626,101.0,332,1074,\mathds{Z},ConvNeXt-Tiny
0.5625,0.47368421052631576,0.5142857142857142,19.0,333,1075,\mathscr{A},ConvNeXt-Tiny
0.6923076923076923,0.4090909090909091,0.5142857142857142,22.0,334,1077,\mathscr{C},ConvNeXt-Tiny
0.5,0.5,0.5,14.0,335,1078,\mathscr{D},ConvNeXt-Tiny
0.4117647058823529,0.6363636363636364,0.5,11.0,336,1079,\mathscr{E},ConvNeXt-Tiny
0.625,0.35714285714285715,0.45454545454545453,14.0,337,1080,\mathscr{F},ConvNeXt-Tiny
0.52,0.6190476190476191,0.5652173913043478,21.0,338,1082,\mathscr{H},ConvNeXt-Tiny
0.7831325301204819,0.8024691358024691,0.7926829268292683,81.0,339,1086,\mathscr{L},ConvNeXt-Tiny
0.6,0.25,0.35294117647058826,12.0,340,1090,\mathscr{P},ConvNeXt-Tiny
0.6,0.45,0.5142857142857142,20.0,341,1093,\mathscr{S},ConvNeXt-Tiny
0.8333333333333334,0.9090909090909091,0.8695652173913043,33.0,342,1101,\celsius,ConvNeXt-Tiny
0.32608695652173914,0.4411764705882353,0.375,68.0,343,1102,\degree,ConvNeXt-Tiny
0.30612244897959184,0.45454545454545453,0.36585365853658536,33.0,344,1103,\ohm,ConvNeXt-Tiny
0.42857142857142855,0.6923076923076923,0.5294117647058824,13.0,345,1111,\venus,ConvNeXt-Tiny
0.5714285714285714,0.6956521739130435,0.6274509803921569,23.0,346,1112,\mars,ConvNeXt-Tiny
1.0,0.1,0.18181818181818182,30.0,347,1115,\astrosun,ConvNeXt-Tiny
0.375,0.2,0.2608695652173913,15.0,348,1116,\fullmoon,ConvNeXt-Tiny
0.75,0.8181818181818182,0.782608695652174,11.0,349,1117,\leftmoon,ConvNeXt-Tiny
0.3333333333333333,0.05555555555555555,0.09523809523809523,18.0,350,1168,\female,ConvNeXt-Tiny
0.6363636363636364,0.5526315789473685,0.5915492957746479,38.0,351,1169,\male,ConvNeXt-Tiny
0.125,0.03571428571428571,0.05555555555555555,28.0,352,1177,\checked,ConvNeXt-Tiny
0.15,0.15,0.15,20.0,353,1184,\diameter,ConvNeXt-Tiny
1.0,1.0,1.0,17.0,354,1185,\sun,ConvNeXt-Tiny
0.5476190476190477,0.8518518518518519,0.6666666666666666,27.0,355,1187,\Bowtie,ConvNeXt-Tiny
0.1,0.16666666666666666,0.125,6.0,356,1314,\mathbb{Q},ConvNeXt-Tiny
0.0,0.0,0.0,6.0,357,1315,\mathbb{N},ConvNeXt-Tiny
0.5,0.42857142857142855,0.46153846153846156,7.0,358,1316,\mathbb{Z},ConvNeXt-Tiny
0.75,0.75,0.75,8.0,359,1317,\mathbb{H},ConvNeXt-Tiny
0.5,0.08333333333333333,0.14285714285714285,24.0,360,1369,\ss,ConvNeXt-Tiny
0.9047619047619048,0.7916666666666666,0.8444444444444444,24.0,361,1371,\aa,ConvNeXt-Tiny
0.6,0.9,0.72,10.0,362,1374,\L,ConvNeXt-Tiny
0.9342105263157895,0.9342105263157895,0.9342105263157895,76.0,363,1382,\AA,ConvNeXt-Tiny
0.3333333333333333,0.08333333333333333,0.13333333333333333,24.0,364,1385,\O,ConvNeXt-Tiny
0.42857142857142855,0.28125,0.33962264150943394,32.0,365,1394,\o,ConvNeXt-Tiny
0.782608695652174,0.6206896551724138,0.6923076923076923,29.0,366,1395,\ae,ConvNeXt-Tiny
0.6842105263157895,0.8666666666666667,0.7647058823529411,15.0,367,1396,\AE,ConvNeXt-Tiny
0.7692307692307693,0.9090909090909091,0.8333333333333334,11.0,368,1400,\guillemotleft,ConvNeXt-Tiny
